"","Grid_lat","Grid_long","1","2","3","4","5","6","7","8","9","10","11","12","13"
"1",5.25,109.25,NA,NA,NA,NA,NA,NA,NA,NA,NA,NA,NA,NA,NA
"2",5.25,109.75,NA,NA,NA,NA,NA,NA,NA,NA,NA,NA,NA,NA,NA
"3",5.25,110.25,NA,NA,NA,NA,NA,NA,NA,NA,NA,NA,NA,NA,NA
"4",5.25,110.75,NA,NA,NA,NA,NA,NA,NA,NA,NA,NA,NA,NA,NA
"5",5.25,111.25,NA,NA,NA,NA,NA,NA,NA,NA,NA,NA,NA,NA,NA
"6",5.25,111.75,NA,NA,NA,NA,NA,NA,NA,NA,NA,NA,NA,NA,NA
"7",5.25,112.25,NA,NA,NA,NA,NA,NA,NA,NA,NA,NA,NA,NA,NA
"8",5.25,112.75,NA,NA,NA,NA,NA,NA,NA,NA,NA,NA,NA,NA,NA
"9",5.25,113.25,NA,NA,NA,NA,NA,NA,NA,NA,NA,NA,NA,NA,NA
"10",5.25,113.75,NA,NA,NA,NA,NA,NA,NA,NA,NA,NA,NA,NA,NA
"11",5.25,114.25,NA,NA,NA,NA,NA,NA,NA,NA,NA,NA,NA,NA,NA
"12",5.25,114.75,NA,NA,NA,NA,NA,NA,NA,NA,NA,NA,NA,NA,NA
"13",5.25,115.25,NA,NA,NA,NA,NA,NA,NA,NA,NA,NA,NA,NA,NA
"14",5.25,115.75,NA,NA,NA,NA,NA,NA,NA,NA,NA,NA,NA,NA,NA
"15",5.25,116.25,NA,NA,NA,NA,NA,NA,NA,NA,NA,NA,NA,NA,NA
"16",5.25,116.75,NA,NA,NA,NA,NA,NA,NA,NA,NA,NA,NA,NA,NA
"17",5.25,117.25,NA,NA,NA,NA,NA,NA,NA,NA,NA,NA,NA,NA,NA
"18",5.25,117.75,NA,NA,NA,NA,NA,NA,NA,NA,NA,NA,NA,NA,NA
"19",5.25,118.25,NA,NA,NA,NA,NA,NA,NA,NA,NA,NA,NA,NA,NA
"20",5.25,118.75,NA,NA,NA,NA,NA,NA,NA,NA,NA,NA,NA,NA,NA
"21",5.25,119.25,NA,NA,NA,NA,NA,NA,NA,NA,NA,NA,NA,NA,NA
"22",5.25,119.75,NA,NA,NA,NA,NA,NA,NA,NA,NA,NA,NA,NA,NA
"23",5.25,120.25,NA,NA,NA,NA,NA,NA,NA,NA,NA,NA,NA,NA,NA
"24",5.25,120.75,NA,NA,NA,NA,NA,NA,NA,NA,NA,NA,NA,NA,NA
"25",5.25,121.25,NA,NA,NA,NA,NA,NA,NA,NA,NA,NA,NA,NA,NA
"26",5.25,121.75,NA,NA,NA,NA,NA,NA,NA,NA,NA,NA,NA,NA,NA
"27",5.75,109.25,NA,NA,NA,NA,NA,NA,NA,NA,NA,NA,NA,NA,NA
"28",5.75,109.75,NA,NA,NA,NA,NA,NA,NA,NA,NA,NA,NA,NA,NA
"29",5.75,110.25,NA,NA,NA,NA,NA,NA,NA,NA,NA,NA,NA,NA,NA
"30",5.75,110.75,NA,NA,NA,NA,NA,NA,NA,NA,NA,NA,NA,NA,NA
"31",5.75,111.25,NA,NA,NA,NA,NA,NA,NA,NA,NA,NA,NA,NA,NA
"32",5.75,111.75,NA,NA,NA,NA,NA,NA,NA,NA,NA,NA,NA,NA,NA
"33",5.75,112.25,NA,NA,NA,NA,NA,NA,NA,NA,NA,NA,NA,NA,NA
"34",5.75,112.75,NA,NA,NA,NA,NA,NA,NA,NA,NA,NA,NA,NA,NA
"35",5.75,113.25,NA,NA,NA,NA,NA,NA,NA,NA,NA,NA,NA,NA,NA
"36",5.75,113.75,NA,NA,NA,NA,NA,NA,NA,NA,NA,NA,NA,NA,NA
"37",5.75,114.25,NA,NA,NA,NA,NA,NA,NA,NA,NA,NA,NA,NA,NA
"38",5.75,114.75,NA,NA,NA,NA,NA,NA,NA,NA,NA,NA,NA,NA,NA
"39",5.75,115.25,NA,NA,NA,NA,NA,NA,NA,NA,NA,NA,NA,NA,NA
"40",5.75,115.75,NA,NA,NA,NA,NA,NA,NA,NA,NA,NA,NA,NA,NA
"41",5.75,116.25,NA,NA,NA,NA,NA,NA,NA,NA,NA,NA,NA,NA,NA
"42",5.75,116.75,NA,NA,NA,NA,NA,NA,NA,NA,NA,NA,NA,NA,NA
"43",5.75,117.25,NA,NA,NA,NA,NA,NA,NA,NA,NA,NA,NA,NA,NA
"44",5.75,117.75,NA,NA,NA,NA,NA,NA,NA,NA,NA,NA,NA,NA,NA
"45",5.75,118.25,NA,NA,NA,NA,NA,NA,NA,NA,NA,NA,NA,NA,NA
"46",5.75,118.75,NA,NA,NA,NA,NA,NA,NA,NA,NA,NA,NA,NA,NA
"47",5.75,119.25,NA,NA,NA,NA,NA,NA,NA,NA,NA,NA,NA,NA,NA
"48",5.75,119.75,NA,NA,NA,NA,NA,NA,NA,NA,NA,NA,NA,NA,NA
"49",5.75,120.25,NA,NA,NA,NA,NA,NA,NA,NA,NA,NA,NA,NA,NA
"50",5.75,120.75,NA,NA,NA,NA,NA,NA,NA,NA,NA,NA,NA,NA,NA
"51",5.75,121.25,NA,NA,NA,NA,NA,NA,NA,NA,NA,NA,NA,NA,NA
"52",5.75,121.75,NA,NA,NA,NA,NA,NA,NA,NA,NA,NA,NA,NA,NA
"53",6.25,109.25,NA,NA,NA,NA,NA,NA,NA,NA,NA,NA,NA,NA,NA
"54",6.25,109.75,NA,NA,NA,NA,NA,NA,NA,NA,NA,NA,NA,NA,NA
"55",6.25,110.25,NA,NA,NA,NA,NA,NA,NA,NA,NA,NA,NA,NA,NA
"56",6.25,110.75,NA,NA,NA,NA,NA,NA,NA,NA,NA,NA,NA,NA,NA
"57",6.25,111.25,NA,NA,NA,NA,NA,NA,NA,NA,NA,NA,NA,NA,NA
"58",6.25,111.75,NA,NA,NA,NA,NA,NA,NA,NA,NA,NA,NA,NA,NA
"59",6.25,112.25,NA,NA,NA,NA,NA,NA,NA,NA,NA,NA,NA,NA,NA
"60",6.25,112.75,NA,NA,NA,NA,NA,NA,NA,NA,NA,NA,NA,NA,NA
"61",6.25,113.25,NA,NA,NA,NA,NA,NA,NA,NA,NA,NA,NA,NA,NA
"62",6.25,113.75,NA,NA,NA,NA,NA,NA,NA,NA,NA,NA,NA,NA,NA
"63",6.25,114.25,NA,NA,NA,NA,NA,NA,NA,NA,NA,NA,NA,NA,NA
"64",6.25,114.75,NA,NA,NA,NA,NA,NA,NA,NA,NA,NA,NA,NA,NA
"65",6.25,115.25,NA,NA,NA,NA,NA,NA,NA,NA,NA,NA,NA,NA,NA
"66",6.25,115.75,NA,NA,NA,NA,NA,NA,NA,NA,NA,NA,NA,NA,NA
"67",6.25,116.25,NA,NA,NA,NA,NA,NA,NA,NA,NA,NA,NA,NA,NA
"68",6.25,116.75,NA,NA,NA,NA,NA,NA,NA,NA,NA,NA,NA,NA,NA
"69",6.25,117.25,NA,NA,NA,NA,NA,NA,NA,NA,NA,NA,NA,NA,NA
"70",6.25,117.75,NA,NA,NA,NA,NA,NA,NA,NA,NA,NA,NA,NA,NA
"71",6.25,118.25,NA,NA,NA,NA,NA,NA,NA,NA,NA,NA,NA,NA,NA
"72",6.25,118.75,NA,NA,NA,NA,NA,NA,NA,NA,NA,NA,NA,NA,NA
"73",6.25,119.25,NA,NA,NA,NA,NA,NA,NA,NA,NA,NA,NA,NA,NA
"74",6.25,119.75,NA,NA,NA,NA,NA,NA,NA,NA,NA,NA,NA,NA,NA
"75",6.25,120.25,NA,NA,NA,NA,NA,NA,NA,NA,NA,NA,NA,NA,NA
"76",6.25,120.75,NA,NA,NA,NA,NA,NA,NA,NA,NA,NA,NA,NA,NA
"77",6.25,121.25,NA,NA,NA,NA,NA,NA,NA,NA,NA,NA,NA,NA,NA
"78",6.25,121.75,NA,NA,NA,NA,NA,NA,NA,NA,NA,NA,NA,NA,NA
"79",6.75,109.25,NA,NA,NA,NA,NA,NA,NA,NA,NA,NA,NA,NA,NA
"80",6.75,109.75,NA,NA,NA,NA,NA,NA,NA,NA,NA,NA,NA,NA,NA
"81",6.75,110.25,NA,NA,NA,NA,NA,NA,NA,NA,NA,NA,NA,NA,NA
"82",6.75,110.75,NA,NA,NA,NA,NA,NA,NA,NA,NA,NA,NA,NA,NA
"83",6.75,111.25,NA,NA,NA,NA,NA,NA,NA,NA,NA,NA,NA,NA,NA
"84",6.75,111.75,NA,NA,NA,NA,NA,NA,NA,NA,NA,NA,NA,NA,NA
"85",6.75,112.25,NA,NA,NA,NA,NA,NA,NA,NA,NA,NA,NA,NA,NA
"86",6.75,112.75,NA,NA,NA,NA,NA,NA,NA,NA,NA,NA,NA,NA,NA
"87",6.75,113.25,NA,NA,NA,NA,NA,NA,NA,NA,NA,NA,NA,NA,NA
"88",6.75,113.75,NA,NA,NA,NA,NA,NA,NA,NA,NA,NA,NA,NA,NA
"89",6.75,114.25,NA,NA,NA,NA,NA,NA,NA,NA,NA,NA,NA,NA,NA
"90",6.75,114.75,NA,NA,NA,NA,NA,NA,NA,NA,NA,NA,NA,NA,NA
"91",6.75,115.25,NA,NA,NA,NA,NA,NA,NA,NA,NA,NA,NA,NA,NA
"92",6.75,115.75,NA,NA,NA,NA,NA,NA,NA,NA,NA,NA,NA,NA,NA
"93",6.75,116.25,NA,NA,NA,NA,NA,NA,NA,NA,NA,NA,NA,NA,NA
"94",6.75,116.75,NA,NA,NA,NA,NA,NA,NA,NA,NA,NA,NA,NA,NA
"95",6.75,117.25,NA,NA,NA,NA,NA,NA,NA,NA,NA,NA,NA,NA,NA
"96",6.75,117.75,NA,NA,NA,NA,NA,NA,NA,NA,NA,NA,NA,NA,NA
"97",6.75,118.25,NA,NA,NA,NA,NA,NA,NA,NA,NA,NA,NA,NA,NA
"98",6.75,118.75,NA,NA,NA,NA,NA,NA,NA,NA,NA,NA,NA,NA,NA
"99",6.75,119.25,NA,NA,NA,NA,NA,NA,NA,NA,NA,NA,NA,NA,NA
"100",6.75,119.75,NA,NA,NA,NA,NA,NA,NA,NA,NA,NA,NA,NA,NA
"101",6.75,120.25,NA,NA,NA,NA,NA,NA,NA,NA,NA,NA,NA,NA,NA
"102",6.75,120.75,NA,NA,NA,NA,NA,NA,NA,NA,NA,NA,NA,NA,NA
"103",6.75,121.25,NA,NA,NA,NA,NA,NA,NA,NA,NA,NA,NA,NA,NA
"104",6.75,121.75,NA,NA,NA,NA,NA,NA,NA,NA,NA,NA,NA,NA,NA
"105",7.25,109.25,NA,NA,NA,NA,NA,NA,NA,NA,NA,NA,NA,NA,NA
"106",7.25,109.75,NA,NA,NA,NA,NA,NA,NA,NA,NA,NA,NA,NA,NA
"107",7.25,110.25,NA,NA,NA,NA,NA,NA,NA,NA,NA,NA,NA,NA,NA
"108",7.25,110.75,NA,NA,NA,NA,NA,NA,NA,NA,NA,NA,NA,NA,NA
"109",7.25,111.25,NA,NA,NA,NA,NA,NA,NA,NA,NA,NA,NA,NA,NA
"110",7.25,111.75,NA,NA,NA,NA,NA,NA,NA,NA,NA,NA,NA,NA,NA
"111",7.25,112.25,NA,NA,NA,NA,NA,NA,NA,NA,NA,NA,NA,NA,NA
"112",7.25,112.75,NA,NA,NA,NA,NA,NA,NA,NA,NA,NA,NA,NA,NA
"113",7.25,113.25,NA,NA,NA,NA,NA,NA,NA,NA,NA,NA,NA,NA,NA
"114",7.25,113.75,NA,NA,NA,NA,NA,NA,NA,NA,NA,NA,NA,NA,NA
"115",7.25,114.25,NA,NA,NA,NA,NA,NA,NA,NA,NA,NA,NA,NA,NA
"116",7.25,114.75,NA,NA,NA,NA,NA,NA,NA,NA,NA,NA,NA,NA,NA
"117",7.25,115.25,NA,NA,NA,NA,NA,NA,NA,NA,NA,NA,NA,NA,NA
"118",7.25,115.75,NA,NA,NA,NA,NA,NA,NA,NA,NA,NA,NA,NA,NA
"119",7.25,116.25,NA,NA,NA,NA,NA,NA,NA,NA,NA,NA,NA,NA,NA
"120",7.25,116.75,NA,NA,NA,NA,NA,NA,NA,NA,NA,NA,NA,NA,NA
"121",7.25,117.25,NA,NA,NA,NA,NA,NA,NA,NA,NA,NA,NA,NA,NA
"122",7.25,117.75,NA,NA,NA,NA,NA,NA,NA,NA,NA,NA,NA,NA,NA
"123",7.25,118.25,NA,NA,NA,NA,NA,NA,NA,NA,NA,NA,NA,NA,NA
"124",7.25,118.75,NA,NA,NA,NA,NA,NA,NA,NA,NA,NA,NA,NA,NA
"125",7.25,119.25,NA,NA,NA,NA,NA,NA,NA,NA,NA,NA,NA,NA,NA
"126",7.25,119.75,NA,NA,NA,NA,NA,NA,NA,NA,NA,NA,NA,NA,NA
"127",7.25,120.25,NA,NA,NA,NA,NA,NA,NA,NA,NA,NA,NA,NA,NA
"128",7.25,120.75,NA,NA,NA,NA,NA,NA,NA,NA,NA,NA,NA,NA,NA
"129",7.25,121.25,NA,NA,NA,NA,NA,NA,NA,NA,NA,NA,NA,NA,NA
"130",7.25,121.75,NA,NA,NA,NA,NA,NA,NA,NA,NA,NA,NA,NA,NA
"131",7.75,109.25,NA,NA,NA,NA,NA,NA,NA,NA,NA,NA,NA,NA,NA
"132",7.75,109.75,NA,NA,NA,NA,NA,NA,NA,NA,NA,NA,NA,NA,NA
"133",7.75,110.25,NA,NA,NA,NA,NA,NA,NA,NA,NA,NA,NA,NA,NA
"134",7.75,110.75,NA,NA,NA,NA,NA,NA,NA,NA,NA,NA,NA,NA,NA
"135",7.75,111.25,NA,NA,NA,NA,NA,NA,NA,NA,NA,NA,NA,NA,NA
"136",7.75,111.75,NA,NA,NA,NA,NA,NA,NA,NA,NA,NA,NA,NA,NA
"137",7.75,112.25,NA,NA,NA,NA,NA,NA,NA,NA,NA,NA,NA,NA,NA
"138",7.75,112.75,NA,NA,NA,NA,NA,NA,NA,NA,NA,NA,NA,NA,NA
"139",7.75,113.25,NA,NA,NA,NA,NA,NA,NA,NA,NA,NA,NA,NA,NA
"140",7.75,113.75,NA,NA,NA,NA,NA,NA,NA,NA,NA,NA,NA,NA,NA
"141",7.75,114.25,NA,NA,NA,NA,NA,NA,NA,NA,NA,NA,NA,NA,NA
"142",7.75,114.75,NA,NA,NA,NA,NA,NA,NA,NA,NA,NA,NA,NA,NA
"143",7.75,115.25,NA,NA,NA,NA,NA,NA,NA,NA,NA,NA,NA,NA,NA
"144",7.75,115.75,NA,NA,NA,NA,NA,NA,NA,NA,NA,NA,NA,NA,NA
"145",7.75,116.25,NA,NA,NA,NA,NA,NA,NA,NA,NA,NA,NA,NA,NA
"146",7.75,116.75,NA,NA,NA,NA,NA,NA,NA,NA,NA,NA,NA,NA,NA
"147",7.75,117.25,NA,NA,NA,NA,NA,NA,NA,NA,NA,NA,NA,NA,NA
"148",7.75,117.75,NA,NA,NA,NA,NA,NA,NA,NA,NA,NA,NA,NA,NA
"149",7.75,118.25,NA,NA,NA,NA,NA,NA,NA,NA,NA,NA,NA,NA,NA
"150",7.75,118.75,NA,NA,NA,NA,NA,NA,NA,NA,NA,NA,NA,NA,NA
"151",7.75,119.25,NA,NA,NA,NA,NA,NA,NA,NA,NA,NA,NA,NA,NA
"152",7.75,119.75,NA,NA,NA,NA,NA,NA,NA,NA,NA,NA,NA,NA,NA
"153",7.75,120.25,NA,NA,NA,NA,NA,NA,NA,NA,NA,NA,NA,NA,NA
"154",7.75,120.75,NA,NA,NA,NA,NA,NA,NA,NA,NA,NA,NA,NA,NA
"155",7.75,121.25,NA,NA,NA,NA,NA,NA,NA,NA,NA,NA,NA,NA,NA
"156",7.75,121.75,NA,NA,NA,NA,NA,NA,NA,NA,NA,NA,NA,NA,NA
"157",8.25,109.25,NA,NA,NA,NA,NA,NA,NA,NA,NA,NA,NA,NA,NA
"158",8.25,109.75,NA,NA,NA,NA,NA,NA,NA,NA,NA,NA,NA,NA,NA
"159",8.25,110.25,NA,NA,NA,NA,NA,NA,NA,NA,NA,NA,NA,NA,NA
"160",8.25,110.75,NA,NA,NA,NA,NA,NA,NA,NA,NA,NA,NA,NA,NA
"161",8.25,111.25,NA,NA,NA,NA,NA,NA,NA,NA,NA,NA,NA,NA,NA
"162",8.25,111.75,NA,NA,NA,NA,NA,NA,NA,NA,NA,NA,NA,NA,NA
"163",8.25,112.25,NA,NA,NA,NA,NA,NA,NA,NA,NA,NA,NA,NA,NA
"164",8.25,112.75,NA,NA,NA,NA,NA,NA,NA,NA,NA,NA,NA,NA,NA
"165",8.25,113.25,NA,NA,NA,NA,NA,NA,NA,NA,NA,NA,NA,NA,NA
"166",8.25,113.75,NA,NA,NA,NA,NA,NA,NA,NA,NA,NA,NA,NA,NA
"167",8.25,114.25,NA,NA,NA,NA,NA,NA,NA,NA,NA,NA,NA,NA,NA
"168",8.25,114.75,NA,NA,NA,NA,NA,NA,NA,NA,NA,NA,NA,NA,NA
"169",8.25,115.25,NA,NA,NA,NA,NA,NA,NA,NA,NA,NA,NA,NA,NA
"170",8.25,115.75,NA,NA,NA,NA,NA,NA,NA,NA,NA,NA,NA,NA,NA
"171",8.25,116.25,NA,NA,NA,NA,NA,NA,NA,NA,NA,NA,NA,NA,NA
"172",8.25,116.75,NA,NA,NA,NA,NA,NA,NA,NA,NA,NA,NA,NA,NA
"173",8.25,117.25,NA,NA,NA,NA,NA,NA,NA,NA,NA,NA,NA,NA,NA
"174",8.25,117.75,NA,NA,NA,NA,NA,NA,NA,NA,NA,NA,NA,NA,NA
"175",8.25,118.25,NA,NA,NA,NA,NA,NA,NA,NA,NA,NA,NA,NA,NA
"176",8.25,118.75,NA,NA,NA,NA,NA,NA,NA,NA,NA,NA,NA,NA,NA
"177",8.25,119.25,NA,NA,NA,NA,NA,NA,NA,NA,NA,NA,NA,NA,NA
"178",8.25,119.75,NA,NA,NA,NA,NA,NA,NA,NA,NA,NA,NA,NA,NA
"179",8.25,120.25,NA,NA,NA,NA,NA,NA,NA,NA,NA,NA,NA,NA,NA
"180",8.25,120.75,NA,NA,NA,NA,NA,NA,NA,NA,NA,NA,NA,NA,NA
"181",8.25,121.25,NA,NA,NA,NA,NA,NA,NA,NA,NA,NA,NA,NA,NA
"182",8.25,121.75,NA,NA,NA,NA,NA,NA,NA,NA,NA,NA,NA,NA,NA
"183",8.75,109.25,NA,NA,NA,NA,NA,NA,NA,NA,NA,NA,NA,NA,NA
"184",8.75,109.75,NA,NA,NA,NA,NA,NA,NA,NA,NA,NA,NA,NA,NA
"185",8.75,110.25,NA,NA,NA,NA,NA,NA,NA,NA,NA,NA,NA,NA,NA
"186",8.75,110.75,NA,NA,NA,NA,NA,NA,NA,NA,NA,NA,NA,NA,NA
"187",8.75,111.25,NA,NA,NA,NA,NA,NA,NA,NA,NA,NA,NA,NA,NA
"188",8.75,111.75,NA,NA,NA,NA,NA,NA,NA,NA,NA,NA,NA,NA,NA
"189",8.75,112.25,NA,NA,NA,NA,NA,NA,NA,NA,NA,NA,NA,NA,NA
"190",8.75,112.75,NA,NA,NA,NA,NA,NA,NA,NA,NA,NA,NA,NA,NA
"191",8.75,113.25,NA,NA,NA,NA,NA,NA,NA,NA,NA,NA,NA,NA,NA
"192",8.75,113.75,NA,NA,NA,NA,NA,NA,NA,NA,NA,NA,NA,NA,NA
"193",8.75,114.25,NA,NA,NA,NA,NA,NA,NA,NA,NA,NA,NA,NA,NA
"194",8.75,114.75,NA,NA,NA,NA,NA,NA,NA,NA,NA,NA,NA,NA,NA
"195",8.75,115.25,NA,NA,NA,NA,NA,NA,NA,NA,NA,NA,NA,NA,NA
"196",8.75,115.75,NA,NA,NA,NA,NA,NA,NA,NA,NA,NA,NA,NA,NA
"197",8.75,116.25,NA,NA,NA,NA,NA,NA,NA,NA,NA,NA,NA,NA,NA
"198",8.75,116.75,NA,NA,NA,NA,NA,NA,NA,NA,NA,NA,NA,NA,NA
"199",8.75,117.25,NA,NA,NA,NA,NA,NA,NA,NA,NA,NA,NA,NA,NA
"200",8.75,117.75,NA,NA,NA,NA,NA,NA,NA,NA,NA,NA,NA,NA,NA
"201",8.75,118.25,NA,NA,NA,NA,NA,NA,NA,NA,NA,NA,NA,NA,NA
"202",8.75,118.75,NA,NA,NA,NA,NA,NA,NA,NA,NA,NA,NA,NA,NA
"203",8.75,119.25,NA,NA,NA,NA,NA,NA,NA,NA,NA,NA,NA,NA,NA
"204",8.75,119.75,NA,NA,NA,NA,NA,NA,NA,NA,NA,NA,NA,NA,NA
"205",8.75,120.25,NA,NA,NA,NA,NA,NA,NA,NA,NA,NA,NA,NA,NA
"206",8.75,120.75,NA,NA,NA,NA,NA,NA,NA,NA,NA,NA,NA,NA,NA
"207",8.75,121.25,NA,NA,NA,NA,NA,NA,NA,NA,NA,NA,NA,NA,NA
"208",8.75,121.75,NA,NA,NA,NA,NA,NA,NA,NA,NA,NA,NA,NA,NA
"209",9.25,109.25,NA,NA,NA,NA,NA,NA,NA,NA,NA,NA,NA,NA,NA
"210",9.25,109.75,NA,NA,NA,NA,NA,NA,NA,NA,NA,NA,NA,NA,NA
"211",9.25,110.25,NA,NA,NA,NA,NA,NA,NA,NA,NA,NA,NA,NA,NA
"212",9.25,110.75,NA,NA,NA,NA,NA,NA,NA,NA,NA,NA,NA,NA,NA
"213",9.25,111.25,NA,NA,NA,NA,NA,NA,NA,NA,NA,NA,NA,NA,NA
"214",9.25,111.75,NA,NA,NA,NA,NA,NA,NA,NA,NA,NA,NA,NA,NA
"215",9.25,112.25,NA,NA,NA,NA,NA,NA,NA,NA,NA,NA,NA,NA,NA
"216",9.25,112.75,NA,NA,NA,NA,NA,NA,NA,NA,NA,NA,NA,NA,NA
"217",9.25,113.25,NA,NA,NA,NA,NA,NA,NA,NA,NA,NA,NA,NA,NA
"218",9.25,113.75,NA,NA,NA,NA,NA,NA,NA,NA,NA,NA,NA,NA,NA
"219",9.25,114.25,NA,NA,NA,NA,NA,NA,NA,NA,NA,NA,NA,NA,NA
"220",9.25,114.75,NA,NA,NA,NA,NA,NA,NA,NA,NA,NA,NA,NA,NA
"221",9.25,115.25,NA,NA,NA,NA,NA,NA,NA,NA,NA,NA,NA,NA,NA
"222",9.25,115.75,NA,NA,NA,NA,NA,NA,NA,NA,NA,NA,NA,NA,NA
"223",9.25,116.25,NA,NA,NA,NA,NA,NA,NA,NA,NA,NA,NA,NA,NA
"224",9.25,116.75,NA,NA,NA,NA,NA,NA,NA,NA,NA,NA,NA,NA,NA
"225",9.25,117.25,NA,NA,NA,NA,NA,NA,NA,NA,NA,NA,NA,NA,NA
"226",9.25,117.75,NA,NA,NA,NA,NA,NA,NA,NA,NA,NA,NA,NA,NA
"227",9.25,118.25,NA,NA,NA,NA,NA,NA,NA,NA,NA,NA,NA,NA,NA
"228",9.25,118.75,NA,NA,NA,NA,NA,NA,NA,NA,NA,NA,NA,NA,NA
"229",9.25,119.25,NA,NA,NA,NA,NA,NA,NA,NA,NA,NA,NA,NA,NA
"230",9.25,119.75,NA,NA,NA,NA,NA,NA,NA,NA,NA,NA,NA,NA,NA
"231",9.25,120.25,NA,NA,NA,NA,NA,NA,NA,NA,NA,NA,NA,NA,NA
"232",9.25,120.75,NA,NA,NA,NA,NA,NA,NA,NA,NA,NA,NA,NA,NA
"233",9.25,121.25,NA,NA,NA,NA,NA,NA,NA,NA,NA,NA,NA,NA,NA
"234",9.25,121.75,NA,NA,NA,NA,NA,NA,NA,NA,NA,NA,NA,NA,NA
"235",9.75,109.25,NA,NA,NA,NA,NA,NA,NA,NA,NA,NA,NA,NA,NA
"236",9.75,109.75,NA,NA,NA,NA,NA,NA,NA,NA,NA,NA,NA,NA,NA
"237",9.75,110.25,NA,NA,NA,NA,NA,NA,NA,NA,NA,NA,NA,NA,NA
"238",9.75,110.75,NA,NA,NA,NA,NA,NA,NA,NA,NA,NA,NA,NA,NA
"239",9.75,111.25,NA,NA,NA,NA,NA,NA,NA,NA,NA,NA,NA,NA,NA
"240",9.75,111.75,NA,NA,NA,NA,NA,NA,NA,NA,NA,NA,NA,NA,NA
"241",9.75,112.25,NA,NA,NA,NA,NA,NA,NA,NA,NA,NA,NA,NA,NA
"242",9.75,112.75,NA,NA,NA,NA,NA,NA,NA,NA,NA,NA,NA,NA,NA
"243",9.75,113.25,NA,NA,NA,NA,NA,NA,NA,NA,NA,NA,NA,NA,NA
"244",9.75,113.75,NA,NA,NA,NA,NA,NA,NA,NA,NA,NA,NA,NA,NA
"245",9.75,114.25,NA,NA,NA,NA,NA,NA,NA,NA,NA,NA,NA,NA,NA
"246",9.75,114.75,NA,NA,NA,NA,NA,NA,NA,NA,NA,NA,NA,NA,NA
"247",9.75,115.25,NA,NA,NA,NA,NA,NA,NA,NA,NA,NA,NA,NA,NA
"248",9.75,115.75,NA,NA,NA,NA,NA,NA,NA,NA,NA,NA,NA,NA,NA
"249",9.75,116.25,NA,NA,NA,NA,NA,NA,NA,NA,NA,NA,NA,NA,NA
"250",9.75,116.75,NA,NA,NA,NA,NA,NA,NA,NA,NA,NA,NA,NA,NA
"251",9.75,117.25,NA,NA,NA,NA,NA,NA,NA,NA,NA,NA,NA,NA,NA
"252",9.75,117.75,NA,NA,NA,NA,NA,NA,NA,NA,NA,NA,NA,NA,NA
"253",9.75,118.25,NA,NA,NA,NA,NA,NA,NA,NA,NA,NA,NA,NA,NA
"254",9.75,118.75,NA,NA,NA,NA,NA,NA,NA,NA,NA,NA,NA,NA,NA
"255",9.75,119.25,NA,NA,NA,NA,NA,NA,NA,NA,NA,NA,NA,NA,NA
"256",9.75,119.75,NA,NA,NA,NA,NA,NA,NA,NA,NA,NA,NA,NA,NA
"257",9.75,120.25,NA,NA,NA,NA,NA,NA,NA,NA,NA,NA,NA,NA,NA
"258",9.75,120.75,NA,NA,NA,NA,NA,NA,NA,NA,NA,NA,NA,NA,NA
"259",9.75,121.25,NA,NA,NA,NA,NA,NA,NA,NA,NA,NA,NA,NA,NA
"260",9.75,121.75,NA,NA,NA,NA,NA,NA,NA,NA,NA,NA,NA,NA,NA
"261",10.25,109.25,NA,NA,NA,NA,NA,NA,NA,NA,NA,NA,NA,NA,NA
"262",10.25,109.75,NA,NA,NA,NA,NA,NA,NA,NA,NA,NA,NA,NA,NA
"263",10.25,110.25,NA,NA,NA,NA,NA,NA,NA,NA,NA,NA,NA,NA,NA
"264",10.25,110.75,NA,NA,NA,NA,NA,NA,NA,NA,NA,NA,NA,NA,NA
"265",10.25,111.25,NA,NA,NA,NA,NA,NA,NA,NA,NA,NA,NA,NA,NA
"266",10.25,111.75,NA,NA,NA,NA,NA,NA,NA,NA,NA,NA,NA,NA,NA
"267",10.25,112.25,NA,NA,NA,NA,NA,NA,NA,NA,NA,NA,NA,NA,NA
"268",10.25,112.75,NA,NA,NA,NA,NA,NA,NA,NA,NA,NA,NA,NA,NA
"269",10.25,113.25,NA,NA,NA,NA,NA,NA,NA,NA,NA,NA,NA,NA,NA
"270",10.25,113.75,NA,NA,NA,NA,NA,NA,NA,NA,NA,NA,NA,NA,NA
"271",10.25,114.25,NA,NA,NA,NA,NA,NA,NA,NA,NA,NA,NA,NA,NA
"272",10.25,114.75,NA,NA,NA,NA,NA,NA,NA,NA,NA,NA,NA,NA,NA
"273",10.25,115.25,NA,NA,NA,NA,NA,NA,NA,NA,NA,NA,NA,NA,NA
"274",10.25,115.75,NA,NA,NA,NA,NA,NA,NA,NA,NA,NA,NA,NA,NA
"275",10.25,116.25,NA,NA,NA,NA,NA,NA,NA,NA,NA,NA,NA,NA,NA
"276",10.25,116.75,NA,NA,NA,NA,NA,NA,NA,NA,NA,NA,NA,NA,NA
"277",10.25,117.25,NA,NA,NA,NA,NA,NA,NA,NA,NA,NA,NA,NA,NA
"278",10.25,117.75,NA,NA,NA,NA,NA,NA,NA,NA,NA,NA,NA,NA,NA
"279",10.25,118.25,NA,NA,NA,NA,NA,NA,NA,NA,NA,NA,NA,NA,NA
"280",10.25,118.75,NA,NA,NA,NA,NA,NA,NA,NA,NA,NA,NA,NA,NA
"281",10.25,119.25,NA,NA,NA,NA,NA,NA,NA,NA,NA,NA,NA,NA,NA
"282",10.25,119.75,NA,NA,NA,NA,NA,NA,NA,NA,NA,NA,NA,NA,NA
"283",10.25,120.25,NA,NA,NA,NA,NA,NA,NA,NA,NA,NA,NA,NA,NA
"284",10.25,120.75,NA,NA,NA,NA,NA,NA,NA,NA,NA,NA,NA,NA,NA
"285",10.25,121.25,NA,NA,NA,NA,NA,NA,NA,NA,NA,NA,NA,NA,NA
"286",10.25,121.75,NA,NA,NA,NA,NA,NA,NA,NA,NA,NA,NA,NA,NA
"287",10.75,109.25,NA,NA,NA,NA,NA,NA,NA,NA,NA,NA,NA,NA,NA
"288",10.75,109.75,NA,NA,NA,NA,NA,NA,NA,NA,NA,NA,NA,NA,NA
"289",10.75,110.25,NA,NA,NA,NA,NA,NA,NA,NA,NA,NA,NA,NA,NA
"290",10.75,110.75,NA,NA,NA,NA,NA,NA,NA,NA,NA,NA,NA,NA,NA
"291",10.75,111.25,NA,NA,NA,NA,NA,NA,NA,NA,NA,NA,NA,NA,NA
"292",10.75,111.75,NA,NA,NA,NA,NA,NA,NA,NA,NA,NA,NA,NA,NA
"293",10.75,112.25,NA,NA,NA,NA,NA,NA,NA,NA,NA,NA,NA,NA,NA
"294",10.75,112.75,NA,NA,NA,NA,NA,NA,NA,NA,NA,NA,NA,NA,NA
"295",10.75,113.25,NA,NA,NA,NA,NA,NA,NA,NA,NA,NA,NA,NA,NA
"296",10.75,113.75,NA,NA,NA,NA,NA,NA,NA,NA,NA,NA,NA,NA,NA
"297",10.75,114.25,NA,NA,NA,NA,NA,NA,NA,NA,NA,NA,NA,NA,NA
"298",10.75,114.75,NA,NA,NA,NA,NA,NA,NA,NA,NA,NA,NA,NA,NA
"299",10.75,115.25,NA,NA,NA,NA,NA,NA,NA,NA,NA,NA,NA,NA,NA
"300",10.75,115.75,NA,NA,NA,NA,NA,NA,NA,NA,NA,NA,NA,NA,NA
"301",10.75,116.25,NA,NA,NA,NA,NA,NA,NA,NA,NA,NA,NA,NA,NA
"302",10.75,116.75,NA,NA,NA,NA,NA,NA,NA,NA,NA,NA,NA,NA,NA
"303",10.75,117.25,NA,NA,NA,NA,NA,NA,NA,NA,NA,NA,NA,NA,NA
"304",10.75,117.75,NA,NA,NA,NA,NA,NA,NA,NA,NA,NA,NA,NA,NA
"305",10.75,118.25,NA,NA,NA,NA,NA,NA,NA,NA,NA,NA,NA,NA,NA
"306",10.75,118.75,NA,NA,NA,NA,NA,NA,NA,NA,NA,NA,NA,NA,NA
"307",10.75,119.25,NA,NA,NA,NA,NA,NA,NA,NA,NA,NA,NA,NA,NA
"308",10.75,119.75,NA,NA,NA,NA,NA,NA,NA,NA,NA,NA,NA,NA,NA
"309",10.75,120.25,NA,NA,NA,NA,NA,NA,NA,NA,NA,NA,NA,NA,NA
"310",10.75,120.75,NA,NA,NA,NA,NA,NA,NA,NA,NA,NA,NA,NA,NA
"311",10.75,121.25,NA,NA,NA,NA,NA,NA,NA,NA,NA,NA,NA,NA,NA
"312",10.75,121.75,NA,NA,NA,NA,NA,NA,NA,NA,NA,NA,NA,NA,NA
"313",11.25,109.25,NA,NA,NA,NA,NA,NA,NA,NA,NA,NA,NA,NA,NA
"314",11.25,109.75,NA,NA,NA,NA,NA,NA,NA,NA,NA,NA,NA,NA,NA
"315",11.25,110.25,NA,NA,NA,NA,NA,NA,NA,NA,NA,NA,NA,NA,NA
"316",11.25,110.75,NA,NA,NA,NA,NA,NA,NA,NA,NA,NA,NA,NA,NA
"317",11.25,111.25,NA,NA,NA,NA,NA,NA,NA,NA,NA,NA,NA,NA,NA
"318",11.25,111.75,NA,NA,NA,NA,NA,NA,NA,NA,NA,NA,NA,NA,NA
"319",11.25,112.25,NA,NA,NA,NA,NA,NA,NA,NA,NA,NA,NA,NA,NA
"320",11.25,112.75,NA,NA,NA,NA,NA,NA,NA,NA,NA,NA,NA,NA,NA
"321",11.25,113.25,NA,NA,NA,NA,NA,NA,NA,NA,NA,NA,NA,NA,NA
"322",11.25,113.75,NA,NA,NA,NA,NA,NA,NA,NA,NA,NA,NA,NA,NA
"323",11.25,114.25,NA,NA,NA,NA,NA,NA,NA,NA,NA,NA,NA,NA,NA
"324",11.25,114.75,NA,NA,NA,NA,NA,NA,NA,NA,NA,NA,NA,NA,NA
"325",11.25,115.25,NA,NA,NA,NA,NA,NA,NA,NA,NA,NA,NA,NA,NA
"326",11.25,115.75,NA,NA,NA,NA,NA,NA,NA,NA,NA,NA,NA,NA,NA
"327",11.25,116.25,NA,NA,NA,NA,NA,NA,NA,NA,NA,NA,NA,NA,NA
"328",11.25,116.75,NA,NA,NA,NA,NA,NA,NA,NA,NA,NA,NA,NA,NA
"329",11.25,117.25,NA,NA,NA,NA,NA,NA,NA,NA,NA,NA,NA,NA,NA
"330",11.25,117.75,NA,NA,NA,NA,NA,NA,NA,NA,NA,NA,NA,NA,NA
"331",11.25,118.25,NA,NA,NA,NA,NA,NA,NA,NA,NA,NA,NA,NA,NA
"332",11.25,118.75,NA,NA,NA,NA,NA,NA,NA,NA,NA,NA,NA,NA,NA
"333",11.25,119.25,NA,NA,NA,NA,NA,NA,NA,NA,NA,NA,NA,NA,NA
"334",11.25,119.75,NA,NA,NA,NA,NA,NA,NA,NA,NA,NA,NA,NA,NA
"335",11.25,120.25,NA,NA,NA,NA,NA,NA,NA,NA,NA,NA,NA,NA,NA
"336",11.25,120.75,NA,NA,NA,NA,NA,NA,NA,NA,NA,NA,NA,NA,NA
"337",11.25,121.25,NA,NA,NA,NA,NA,NA,NA,NA,NA,NA,NA,NA,NA
"338",11.25,121.75,NA,NA,NA,NA,NA,NA,NA,NA,NA,NA,NA,NA,NA
"339",11.75,109.25,NA,NA,NA,NA,NA,NA,NA,NA,NA,NA,NA,NA,NA
"340",11.75,109.75,NA,NA,NA,NA,NA,NA,NA,NA,NA,NA,NA,NA,NA
"341",11.75,110.25,NA,NA,NA,NA,NA,NA,NA,NA,NA,NA,NA,NA,NA
"342",11.75,110.75,NA,NA,NA,NA,NA,NA,NA,NA,NA,NA,NA,NA,NA
"343",11.75,111.25,NA,NA,NA,NA,NA,NA,NA,NA,NA,NA,NA,NA,NA
"344",11.75,111.75,NA,NA,NA,NA,NA,NA,NA,NA,NA,NA,NA,NA,NA
"345",11.75,112.25,NA,NA,NA,NA,NA,NA,NA,NA,NA,NA,NA,NA,NA
"346",11.75,112.75,NA,NA,NA,NA,NA,NA,NA,NA,NA,NA,NA,NA,NA
"347",11.75,113.25,NA,NA,NA,NA,NA,NA,NA,NA,NA,NA,NA,NA,NA
"348",11.75,113.75,NA,NA,NA,NA,NA,NA,NA,NA,NA,NA,NA,NA,NA
"349",11.75,114.25,NA,NA,NA,NA,NA,NA,NA,NA,NA,NA,NA,NA,415.5602
"350",11.75,114.75,NA,NA,NA,NA,NA,NA,NA,NA,NA,NA,NA,NA,416.6662
"351",11.75,115.25,NA,NA,NA,NA,NA,NA,NA,NA,NA,NA,NA,NA,411.5353
"352",11.75,115.75,NA,NA,NA,NA,NA,NA,NA,NA,NA,NA,NA,NA,411.3737
"353",11.75,116.25,NA,NA,NA,NA,NA,NA,NA,NA,NA,NA,NA,NA,NA
"354",11.75,116.75,NA,NA,NA,NA,NA,NA,NA,NA,NA,NA,NA,NA,NA
"355",11.75,117.25,NA,NA,NA,NA,NA,NA,NA,NA,NA,NA,NA,NA,NA
"356",11.75,117.75,NA,NA,NA,NA,NA,NA,NA,NA,NA,NA,NA,NA,NA
"357",11.75,118.25,NA,NA,NA,NA,NA,NA,NA,NA,NA,NA,NA,NA,NA
"358",11.75,118.75,NA,NA,NA,NA,NA,NA,NA,NA,NA,NA,NA,NA,NA
"359",11.75,119.25,NA,NA,NA,NA,NA,NA,NA,NA,NA,NA,NA,NA,NA
"360",11.75,119.75,NA,NA,NA,NA,NA,NA,NA,NA,NA,NA,NA,NA,NA
"361",11.75,120.25,NA,NA,NA,NA,NA,NA,NA,NA,NA,NA,NA,NA,NA
"362",11.75,120.75,NA,NA,NA,NA,NA,NA,NA,NA,NA,NA,NA,NA,NA
"363",11.75,121.25,NA,NA,NA,NA,NA,NA,NA,NA,NA,NA,NA,NA,NA
"364",11.75,121.75,NA,NA,NA,NA,NA,NA,NA,NA,NA,NA,NA,NA,NA
"365",12.25,109.25,NA,NA,NA,NA,NA,NA,NA,NA,NA,NA,NA,NA,NA
"366",12.25,109.75,NA,NA,NA,NA,NA,NA,NA,NA,NA,NA,NA,NA,NA
"367",12.25,110.25,NA,NA,NA,NA,NA,NA,NA,NA,NA,NA,NA,NA,NA
"368",12.25,110.75,NA,NA,NA,NA,NA,NA,NA,NA,NA,NA,NA,NA,NA
"369",12.25,111.25,NA,NA,NA,NA,NA,NA,NA,NA,NA,NA,NA,NA,NA
"370",12.25,111.75,NA,NA,NA,NA,NA,NA,NA,NA,NA,NA,NA,NA,NA
"371",12.25,112.25,NA,NA,NA,NA,NA,NA,NA,NA,NA,NA,NA,NA,NA
"372",12.25,112.75,NA,NA,NA,NA,NA,NA,NA,NA,NA,NA,NA,NA,423.1684
"373",12.25,113.25,NA,NA,NA,NA,NA,NA,NA,NA,NA,NA,NA,NA,418.3707
"374",12.25,113.75,NA,NA,NA,NA,NA,NA,NA,NA,NA,NA,NA,NA,413.8991
"375",12.25,114.25,NA,NA,NA,NA,NA,NA,NA,NA,NA,NA,NA,NA,416.9955
"376",12.25,114.75,NA,NA,NA,NA,NA,NA,NA,NA,NA,NA,NA,NA,416.0616
"377",12.25,115.25,NA,NA,NA,NA,NA,NA,NA,NA,NA,NA,NA,NA,414.9237
"378",12.25,115.75,NA,NA,NA,NA,NA,NA,NA,NA,NA,NA,NA,NA,410.932
"379",12.25,116.25,NA,NA,NA,NA,NA,NA,NA,NA,NA,NA,NA,NA,413.3241
"380",12.25,116.75,NA,NA,NA,NA,NA,NA,NA,NA,NA,NA,NA,NA,NA
"381",12.25,117.25,NA,NA,NA,NA,NA,NA,NA,NA,NA,NA,NA,NA,NA
"382",12.25,117.75,NA,NA,NA,NA,NA,NA,NA,NA,NA,NA,NA,NA,NA
"383",12.25,118.25,NA,NA,NA,NA,NA,NA,NA,NA,NA,NA,NA,NA,NA
"384",12.25,118.75,NA,NA,NA,NA,NA,NA,NA,NA,NA,NA,NA,NA,NA
"385",12.25,119.25,NA,NA,NA,NA,NA,NA,NA,NA,NA,NA,NA,NA,NA
"386",12.25,119.75,NA,NA,NA,NA,NA,NA,NA,NA,NA,NA,NA,NA,NA
"387",12.25,120.25,NA,NA,NA,NA,NA,NA,NA,NA,NA,NA,NA,NA,NA
"388",12.25,120.75,NA,NA,NA,NA,NA,NA,NA,NA,NA,NA,NA,NA,NA
"389",12.25,121.25,NA,NA,NA,NA,NA,NA,NA,NA,NA,NA,NA,NA,NA
"390",12.25,121.75,NA,NA,NA,NA,NA,NA,NA,NA,NA,NA,NA,NA,NA
"391",12.75,109.25,NA,NA,NA,NA,NA,NA,NA,NA,NA,NA,NA,NA,NA
"392",12.75,109.75,NA,NA,NA,NA,NA,409.9482,NA,NA,NA,NA,NA,NA,NA
"393",12.75,110.25,NA,NA,NA,NA,NA,412.2079,NA,NA,NA,NA,NA,NA,NA
"394",12.75,110.75,NA,NA,NA,NA,NA,404.815,NA,NA,NA,NA,NA,NA,NA
"395",12.75,111.25,NA,NA,NA,NA,NA,400.5086,NA,NA,NA,NA,NA,NA,NA
"396",12.75,111.75,NA,NA,NA,NA,NA,392.3195,NA,NA,NA,NA,NA,NA,NA
"397",12.75,112.25,NA,NA,NA,NA,NA,396.6144,NA,NA,NA,NA,NA,NA,NA
"398",12.75,112.75,NA,NA,NA,NA,NA,NA,NA,NA,NA,NA,NA,NA,422.9265
"399",12.75,113.25,NA,NA,NA,NA,NA,NA,NA,NA,NA,NA,NA,NA,422.2932
"400",12.75,113.75,NA,NA,NA,NA,NA,394.9851,NA,NA,NA,NA,NA,NA,NA
"401",12.75,114.25,NA,NA,NA,NA,NA,NA,NA,NA,NA,NA,NA,NA,NA
"402",12.75,114.75,NA,NA,NA,NA,NA,NA,NA,NA,NA,NA,NA,NA,NA
"403",12.75,115.25,NA,NA,NA,NA,NA,NA,NA,NA,NA,NA,NA,NA,NA
"404",12.75,115.75,NA,NA,NA,NA,NA,NA,NA,NA,NA,NA,NA,NA,NA
"405",12.75,116.25,NA,NA,NA,NA,NA,NA,NA,NA,NA,NA,NA,NA,416.4914
"406",12.75,116.75,NA,NA,NA,NA,NA,NA,NA,NA,NA,NA,NA,NA,417.4102
"407",12.75,117.25,NA,NA,NA,NA,NA,NA,NA,NA,NA,NA,NA,NA,NA
"408",12.75,117.75,NA,NA,NA,NA,NA,NA,NA,NA,NA,NA,NA,NA,NA
"409",12.75,118.25,NA,NA,NA,NA,NA,NA,NA,NA,NA,NA,NA,NA,NA
"410",12.75,118.75,NA,NA,NA,NA,NA,NA,NA,NA,NA,NA,NA,NA,NA
"411",12.75,119.25,NA,NA,NA,NA,NA,NA,NA,NA,NA,NA,NA,NA,NA
"412",12.75,119.75,NA,NA,NA,NA,NA,NA,NA,NA,NA,NA,NA,NA,NA
"413",12.75,120.25,NA,NA,NA,NA,NA,NA,NA,NA,NA,NA,NA,NA,NA
"414",12.75,120.75,NA,NA,NA,NA,NA,NA,NA,NA,NA,NA,NA,NA,NA
"415",12.75,121.25,NA,NA,NA,NA,NA,NA,NA,NA,NA,NA,NA,NA,NA
"416",12.75,121.75,NA,NA,NA,NA,NA,NA,NA,NA,NA,NA,NA,NA,NA
"417",13.25,109.25,NA,NA,NA,NA,NA,NA,NA,NA,NA,NA,NA,NA,NA
"418",13.25,109.75,NA,NA,NA,NA,NA,402.2205,NA,NA,NA,NA,NA,NA,NA
"419",13.25,110.25,NA,NA,NA,NA,NA,405.1344,NA,NA,NA,NA,NA,NA,NA
"420",13.25,110.75,NA,NA,NA,NA,NA,400.5672,NA,NA,NA,NA,NA,NA,NA
"421",13.25,111.25,NA,NA,NA,NA,NA,393.9784,NA,NA,NA,NA,NA,NA,NA
"422",13.25,111.75,NA,NA,NA,NA,NA,393.0401,NA,NA,NA,NA,NA,NA,NA
"423",13.25,112.25,NA,NA,NA,NA,NA,402.1906,NA,NA,NA,NA,NA,NA,NA
"424",13.25,112.75,NA,NA,NA,NA,NA,NA,NA,NA,NA,NA,NA,NA,417.7073
"425",13.25,113.25,NA,NA,NA,NA,NA,386.0469,NA,NA,NA,NA,NA,NA,420.9797
"426",13.25,113.75,NA,NA,NA,NA,NA,388.4653,NA,NA,NA,NA,NA,NA,NA
"427",13.25,114.25,NA,NA,NA,NA,NA,396.73,NA,NA,NA,NA,NA,NA,NA
"428",13.25,114.75,NA,NA,NA,NA,NA,NA,NA,NA,NA,NA,NA,NA,NA
"429",13.25,115.25,NA,NA,NA,NA,NA,NA,NA,NA,NA,NA,NA,NA,NA
"430",13.25,115.75,NA,NA,NA,NA,NA,NA,NA,NA,NA,NA,NA,NA,NA
"431",13.25,116.25,NA,NA,NA,NA,NA,NA,NA,NA,NA,NA,NA,NA,NA
"432",13.25,116.75,NA,NA,NA,NA,NA,NA,NA,NA,NA,NA,NA,NA,418.1241
"433",13.25,117.25,NA,NA,NA,NA,NA,NA,NA,NA,NA,NA,NA,NA,NA
"434",13.25,117.75,NA,NA,NA,NA,NA,NA,NA,NA,NA,NA,NA,NA,NA
"435",13.25,118.25,NA,NA,NA,NA,NA,NA,NA,NA,NA,NA,NA,NA,NA
"436",13.25,118.75,NA,NA,NA,NA,NA,NA,NA,NA,NA,NA,NA,NA,NA
"437",13.25,119.25,NA,NA,NA,NA,NA,NA,NA,NA,NA,NA,NA,NA,NA
"438",13.25,119.75,NA,NA,NA,NA,NA,NA,NA,NA,NA,NA,NA,NA,NA
"439",13.25,120.25,NA,NA,NA,NA,NA,NA,NA,NA,NA,NA,NA,NA,NA
"440",13.25,120.75,NA,NA,NA,NA,NA,NA,NA,NA,NA,NA,NA,NA,NA
"441",13.25,121.25,NA,NA,NA,NA,NA,NA,NA,NA,NA,NA,NA,NA,NA
"442",13.25,121.75,NA,NA,NA,NA,NA,NA,NA,NA,NA,NA,NA,NA,NA
"443",13.75,109.25,NA,NA,NA,NA,NA,NA,NA,NA,NA,NA,NA,NA,NA
"444",13.75,109.75,NA,NA,NA,NA,NA,399.1939,NA,NA,NA,NA,NA,NA,NA
"445",13.75,110.25,NA,NA,NA,NA,NA,403.4045,NA,NA,NA,NA,NA,NA,NA
"446",13.75,110.75,NA,NA,NA,NA,NA,395.9385,NA,NA,NA,NA,NA,NA,NA
"447",13.75,111.25,NA,NA,NA,NA,NA,393.4465,NA,NA,NA,NA,NA,NA,NA
"448",13.75,111.75,NA,NA,NA,NA,NA,400.9359,NA,NA,NA,NA,NA,NA,NA
"449",13.75,112.25,NA,NA,NA,NA,NA,405.0164,NA,NA,NA,NA,NA,NA,NA
"450",13.75,112.75,NA,NA,NA,NA,NA,398.8708,NA,NA,NA,NA,NA,NA,415.3586
"451",13.75,113.25,NA,NA,NA,NA,NA,391.0683,NA,NA,NA,NA,NA,NA,416.05
"452",13.75,113.75,NA,NA,NA,NA,NA,384.8057,NA,NA,NA,NA,NA,NA,416.5154
"453",13.75,114.25,NA,NA,NA,NA,NA,399.1334,NA,NA,NA,NA,NA,NA,416.1216
"454",13.75,114.75,NA,NA,NA,NA,NA,399.0454,NA,NA,NA,NA,NA,NA,417.1052
"455",13.75,115.25,NA,NA,NA,NA,NA,NA,NA,NA,NA,NA,NA,NA,416.5551
"456",13.75,115.75,NA,NA,NA,NA,NA,NA,NA,NA,NA,NA,NA,NA,416.327
"457",13.75,116.25,NA,NA,NA,NA,NA,NA,NA,NA,NA,NA,NA,NA,417.914
"458",13.75,116.75,NA,NA,NA,NA,NA,NA,NA,NA,NA,NA,NA,NA,417.0145
"459",13.75,117.25,NA,NA,NA,NA,NA,NA,NA,NA,NA,NA,NA,NA,NA
"460",13.75,117.75,NA,NA,NA,NA,NA,NA,NA,NA,NA,NA,NA,NA,NA
"461",13.75,118.25,NA,NA,NA,NA,NA,NA,NA,NA,NA,NA,NA,NA,NA
"462",13.75,118.75,NA,NA,NA,NA,NA,NA,NA,NA,NA,NA,NA,NA,NA
"463",13.75,119.25,NA,NA,NA,NA,NA,NA,NA,NA,NA,NA,NA,NA,NA
"464",13.75,119.75,NA,NA,NA,NA,NA,NA,NA,NA,NA,NA,NA,NA,NA
"465",13.75,120.25,NA,NA,NA,NA,NA,NA,NA,NA,NA,NA,NA,NA,NA
"466",13.75,120.75,NA,NA,NA,NA,NA,NA,NA,NA,NA,NA,NA,NA,NA
"467",13.75,121.25,NA,NA,NA,NA,NA,NA,NA,NA,NA,NA,NA,NA,NA
"468",13.75,121.75,NA,NA,NA,NA,NA,NA,NA,NA,NA,NA,NA,NA,NA
"469",14.25,109.25,NA,NA,NA,NA,NA,NA,NA,NA,NA,NA,NA,NA,NA
"470",14.25,109.75,NA,NA,NA,NA,NA,404.6372,NA,NA,NA,NA,NA,NA,NA
"471",14.25,110.25,NA,NA,NA,NA,NA,395.4595,NA,NA,NA,NA,NA,NA,NA
"472",14.25,110.75,NA,NA,NA,NA,NA,401.9685,NA,NA,NA,NA,NA,NA,NA
"473",14.25,111.25,NA,NA,NA,NA,NA,401.1713,NA,NA,NA,NA,NA,NA,NA
"474",14.25,111.75,NA,NA,NA,NA,NA,423.5168,NA,NA,NA,NA,NA,NA,NA
"475",14.25,112.25,NA,NA,NA,NA,NA,420.1573,NA,NA,NA,NA,NA,NA,NA
"476",14.25,112.75,NA,NA,NA,NA,NA,415.9044,NA,NA,NA,NA,NA,NA,NA
"477",14.25,113.25,NA,NA,NA,NA,NA,407.2591,NA,NA,NA,NA,NA,NA,415.889
"478",14.25,113.75,NA,NA,NA,NA,NA,403.5449,NA,NA,NA,NA,NA,NA,NA
"479",14.25,114.25,NA,NA,NA,NA,NA,402.2982,NA,NA,NA,NA,NA,NA,NA
"480",14.25,114.75,NA,NA,NA,NA,NA,400.1847,NA,NA,NA,NA,NA,NA,NA
"481",14.25,115.25,NA,NA,NA,NA,NA,NA,NA,NA,NA,NA,NA,NA,NA
"482",14.25,115.75,NA,NA,NA,NA,NA,NA,NA,NA,NA,NA,NA,NA,416.6465
"483",14.25,116.25,NA,NA,NA,NA,NA,NA,NA,NA,NA,NA,NA,NA,417.2796
"484",14.25,116.75,NA,NA,NA,NA,NA,NA,NA,NA,NA,NA,NA,NA,417.5768
"485",14.25,117.25,NA,NA,NA,NA,NA,NA,NA,NA,NA,NA,NA,NA,415.2847
"486",14.25,117.75,NA,NA,NA,NA,NA,NA,NA,NA,NA,NA,NA,NA,NA
"487",14.25,118.25,NA,NA,NA,NA,NA,NA,NA,NA,NA,NA,NA,NA,NA
"488",14.25,118.75,NA,NA,NA,NA,NA,NA,NA,NA,NA,NA,NA,NA,NA
"489",14.25,119.25,NA,NA,NA,NA,NA,NA,NA,NA,NA,NA,NA,NA,NA
"490",14.25,119.75,NA,NA,NA,NA,NA,NA,NA,NA,NA,NA,NA,NA,NA
"491",14.25,120.25,NA,NA,NA,NA,NA,NA,NA,NA,NA,NA,NA,NA,NA
"492",14.25,120.75,NA,NA,NA,NA,NA,NA,NA,NA,NA,NA,NA,NA,NA
"493",14.25,121.25,NA,NA,NA,NA,NA,NA,NA,NA,NA,NA,NA,NA,NA
"494",14.25,121.75,NA,NA,NA,NA,NA,NA,NA,NA,NA,NA,NA,NA,NA
"495",14.75,109.25,NA,NA,NA,NA,NA,NA,NA,NA,NA,NA,NA,NA,NA
"496",14.75,109.75,NA,NA,NA,NA,NA,395.8708,NA,NA,NA,NA,NA,NA,NA
"497",14.75,110.25,NA,NA,NA,NA,NA,398.486,NA,NA,NA,NA,NA,NA,NA
"498",14.75,110.75,NA,NA,NA,NA,NA,402.9161,NA,NA,NA,NA,NA,NA,NA
"499",14.75,111.25,NA,NA,NA,NA,NA,410.4835,NA,NA,NA,NA,NA,NA,NA
"500",14.75,111.75,NA,NA,NA,NA,NA,413.442,NA,NA,NA,NA,NA,NA,NA
"501",14.75,112.25,NA,NA,NA,NA,NA,414.49,NA,NA,NA,NA,NA,NA,NA
"502",14.75,112.75,NA,NA,NA,NA,NA,415.6983,NA,NA,NA,NA,NA,NA,NA
"503",14.75,113.25,NA,NA,NA,NA,NA,401.0041,NA,NA,NA,NA,NA,NA,NA
"504",14.75,113.75,NA,NA,NA,NA,NA,398.3038,NA,NA,NA,NA,NA,NA,NA
"505",14.75,114.25,NA,NA,NA,NA,NA,399.5138,NA,NA,NA,NA,NA,NA,NA
"506",14.75,114.75,NA,NA,NA,NA,NA,NA,NA,NA,NA,NA,NA,NA,NA
"507",14.75,115.25,NA,NA,NA,NA,NA,NA,NA,NA,NA,NA,NA,NA,NA
"508",14.75,115.75,NA,NA,NA,NA,NA,NA,NA,NA,NA,NA,NA,NA,NA
"509",14.75,116.25,NA,NA,NA,NA,NA,NA,NA,NA,NA,NA,NA,NA,417.6859
"510",14.75,116.75,NA,NA,NA,NA,NA,NA,NA,NA,NA,NA,NA,NA,NA
"511",14.75,117.25,NA,NA,NA,NA,NA,NA,NA,NA,NA,NA,NA,NA,413.6619
"512",14.75,117.75,NA,NA,NA,NA,NA,NA,NA,NA,NA,NA,NA,NA,NA
"513",14.75,118.25,NA,NA,NA,NA,NA,NA,NA,NA,NA,NA,NA,NA,NA
"514",14.75,118.75,NA,NA,NA,NA,NA,NA,NA,NA,NA,NA,NA,NA,NA
"515",14.75,119.25,NA,NA,NA,NA,NA,NA,NA,NA,NA,NA,NA,NA,NA
"516",14.75,119.75,NA,NA,NA,NA,NA,NA,NA,NA,NA,NA,NA,NA,NA
"517",14.75,120.25,NA,NA,NA,NA,NA,NA,NA,NA,NA,NA,NA,NA,NA
"518",14.75,120.75,NA,NA,NA,NA,NA,NA,NA,NA,NA,NA,NA,NA,NA
"519",14.75,121.25,NA,NA,NA,NA,NA,NA,NA,NA,NA,NA,NA,NA,NA
"520",14.75,121.75,NA,NA,NA,NA,NA,NA,NA,NA,NA,NA,NA,NA,NA
"521",15.25,109.25,NA,NA,NA,NA,NA,NA,NA,NA,NA,NA,NA,NA,NA
"522",15.25,109.75,NA,NA,NA,NA,NA,411.6496,NA,NA,NA,NA,NA,NA,NA
"523",15.25,110.25,NA,NA,NA,NA,NA,NA,NA,NA,NA,NA,NA,NA,NA
"524",15.25,110.75,NA,NA,NA,NA,NA,394.4437,NA,NA,NA,NA,NA,NA,NA
"525",15.25,111.25,NA,NA,NA,NA,NA,407.2796,NA,NA,NA,NA,NA,NA,NA
"526",15.25,111.75,NA,NA,NA,NA,NA,410.024,NA,NA,NA,NA,NA,NA,NA
"527",15.25,112.25,NA,NA,NA,NA,NA,408.5702,NA,NA,NA,NA,NA,NA,NA
"528",15.25,112.75,NA,NA,NA,NA,NA,409.644,NA,NA,NA,NA,NA,NA,NA
"529",15.25,113.25,NA,NA,NA,NA,NA,409.6103,NA,NA,NA,NA,NA,NA,NA
"530",15.25,113.75,NA,NA,NA,NA,NA,NA,NA,NA,NA,NA,NA,NA,NA
"531",15.25,114.25,NA,NA,NA,NA,NA,NA,NA,NA,NA,NA,NA,NA,NA
"532",15.25,114.75,NA,NA,NA,NA,NA,NA,NA,NA,NA,NA,NA,NA,NA
"533",15.25,115.25,NA,NA,NA,NA,NA,NA,NA,NA,NA,NA,NA,NA,NA
"534",15.25,115.75,NA,NA,NA,NA,NA,NA,NA,NA,NA,NA,NA,NA,NA
"535",15.25,116.25,NA,NA,NA,NA,NA,NA,NA,NA,NA,NA,NA,NA,419.0965
"536",15.25,116.75,NA,NA,NA,NA,NA,NA,NA,NA,NA,NA,NA,NA,NA
"537",15.25,117.25,NA,NA,NA,NA,NA,NA,NA,NA,NA,NA,NA,NA,418.1286
"538",15.25,117.75,NA,NA,NA,NA,NA,NA,NA,NA,NA,NA,NA,NA,NA
"539",15.25,118.25,NA,NA,NA,NA,NA,NA,NA,NA,NA,NA,NA,NA,NA
"540",15.25,118.75,NA,NA,NA,NA,NA,NA,NA,NA,NA,NA,NA,NA,NA
"541",15.25,119.25,NA,NA,NA,NA,NA,NA,NA,NA,NA,NA,NA,NA,NA
"542",15.25,119.75,NA,NA,NA,NA,NA,NA,NA,NA,NA,NA,NA,NA,NA
"543",15.25,120.25,NA,NA,NA,NA,NA,NA,NA,NA,NA,NA,NA,NA,NA
"544",15.25,120.75,NA,NA,NA,NA,NA,NA,NA,NA,NA,NA,NA,NA,NA
"545",15.25,121.25,NA,NA,NA,NA,NA,NA,NA,NA,NA,NA,NA,NA,NA
"546",15.25,121.75,NA,NA,NA,NA,NA,NA,NA,NA,NA,NA,NA,NA,NA
"547",15.75,109.25,NA,NA,NA,NA,NA,NA,NA,NA,NA,NA,NA,NA,NA
"548",15.75,109.75,NA,NA,NA,NA,NA,424.131,NA,NA,NA,NA,NA,NA,NA
"549",15.75,110.25,NA,NA,NA,NA,NA,NA,NA,NA,NA,NA,NA,NA,NA
"550",15.75,110.75,NA,NA,NA,NA,NA,NA,NA,NA,NA,NA,NA,NA,NA
"551",15.75,111.25,NA,NA,NA,NA,NA,NA,NA,NA,NA,NA,NA,NA,NA
"552",15.75,111.75,NA,NA,NA,NA,NA,NA,NA,NA,NA,NA,NA,NA,NA
"553",15.75,112.25,NA,NA,NA,NA,NA,399.5267,NA,NA,NA,NA,NA,NA,NA
"554",15.75,112.75,NA,NA,NA,NA,NA,400.161,NA,NA,NA,NA,NA,NA,NA
"555",15.75,113.25,NA,NA,NA,NA,NA,NA,NA,NA,NA,NA,NA,NA,NA
"556",15.75,113.75,NA,NA,NA,NA,NA,NA,NA,NA,NA,NA,NA,NA,NA
"557",15.75,114.25,NA,NA,NA,NA,NA,NA,NA,NA,NA,NA,NA,NA,NA
"558",15.75,114.75,NA,NA,NA,NA,NA,NA,NA,NA,NA,NA,NA,NA,NA
"559",15.75,115.25,NA,NA,NA,NA,NA,NA,NA,NA,NA,NA,NA,NA,NA
"560",15.75,115.75,NA,NA,NA,NA,NA,NA,NA,NA,NA,NA,NA,NA,NA
"561",15.75,116.25,NA,NA,NA,NA,NA,NA,NA,NA,NA,NA,NA,NA,421.0245
"562",15.75,116.75,NA,NA,NA,NA,NA,NA,NA,NA,NA,NA,NA,NA,NA
"563",15.75,117.25,NA,NA,NA,NA,NA,NA,NA,NA,NA,NA,NA,NA,412.8094
"564",15.75,117.75,NA,NA,NA,NA,NA,NA,NA,NA,NA,NA,NA,NA,NA
"565",15.75,118.25,NA,NA,NA,NA,NA,NA,NA,NA,NA,NA,NA,NA,NA
"566",15.75,118.75,NA,NA,NA,NA,NA,NA,NA,NA,NA,NA,NA,NA,NA
"567",15.75,119.25,NA,NA,NA,NA,NA,NA,NA,NA,NA,NA,NA,NA,NA
"568",15.75,119.75,NA,NA,NA,NA,NA,NA,NA,NA,NA,NA,NA,NA,NA
"569",15.75,120.25,NA,NA,NA,NA,NA,NA,NA,NA,NA,NA,NA,NA,NA
"570",15.75,120.75,NA,NA,NA,NA,NA,NA,NA,NA,NA,NA,NA,NA,NA
"571",15.75,121.25,NA,NA,NA,NA,NA,NA,NA,NA,NA,NA,NA,NA,NA
"572",15.75,121.75,NA,NA,NA,NA,NA,NA,NA,NA,NA,NA,NA,NA,NA
"573",16.25,109.25,NA,NA,NA,NA,NA,NA,NA,NA,NA,NA,NA,NA,NA
"574",16.25,109.75,NA,NA,NA,NA,NA,420.8327,NA,NA,NA,NA,NA,NA,NA
"575",16.25,110.25,NA,NA,NA,NA,NA,NA,NA,NA,NA,NA,NA,NA,NA
"576",16.25,110.75,NA,NA,NA,NA,NA,NA,NA,NA,NA,NA,NA,NA,NA
"577",16.25,111.25,NA,NA,NA,NA,NA,NA,NA,NA,NA,NA,NA,NA,NA
"578",16.25,111.75,NA,NA,NA,NA,NA,NA,NA,NA,NA,NA,NA,NA,NA
"579",16.25,112.25,NA,NA,NA,NA,NA,399.8033,NA,NA,NA,NA,NA,NA,NA
"580",16.25,112.75,NA,NA,NA,NA,NA,NA,NA,NA,NA,NA,NA,NA,NA
"581",16.25,113.25,NA,NA,NA,NA,NA,NA,NA,NA,NA,NA,NA,NA,NA
"582",16.25,113.75,NA,NA,NA,NA,NA,NA,NA,NA,NA,NA,NA,NA,NA
"583",16.25,114.25,NA,NA,NA,NA,NA,NA,NA,NA,NA,NA,NA,NA,NA
"584",16.25,114.75,NA,NA,NA,NA,NA,NA,NA,NA,NA,NA,NA,NA,NA
"585",16.25,115.25,NA,NA,NA,NA,NA,NA,NA,NA,NA,NA,NA,NA,415.9383
"586",16.25,115.75,NA,NA,NA,NA,NA,NA,NA,NA,NA,NA,NA,NA,419.1079
"587",16.25,116.25,NA,NA,NA,NA,NA,390.0994,NA,NA,NA,NA,NA,NA,417.3286
"588",16.25,116.75,NA,NA,NA,NA,NA,392.6391,NA,NA,NA,NA,NA,NA,NA
"589",16.25,117.25,NA,NA,NA,NA,NA,NA,NA,NA,NA,NA,NA,NA,416.7344
"590",16.25,117.75,NA,NA,NA,NA,NA,401.736,NA,NA,NA,NA,NA,NA,NA
"591",16.25,118.25,NA,NA,NA,NA,NA,393.5212,NA,NA,NA,NA,NA,NA,NA
"592",16.25,118.75,NA,NA,NA,NA,NA,NA,NA,NA,NA,NA,NA,NA,NA
"593",16.25,119.25,NA,NA,NA,NA,NA,NA,NA,NA,NA,NA,NA,NA,NA
"594",16.25,119.75,NA,NA,NA,NA,NA,NA,NA,NA,NA,NA,NA,NA,NA
"595",16.25,120.25,NA,NA,NA,NA,NA,NA,NA,NA,NA,NA,NA,NA,NA
"596",16.25,120.75,NA,NA,NA,NA,NA,NA,NA,NA,NA,NA,NA,NA,NA
"597",16.25,121.25,NA,NA,NA,NA,NA,NA,NA,NA,NA,NA,NA,NA,NA
"598",16.25,121.75,NA,NA,NA,NA,NA,NA,NA,NA,NA,NA,NA,NA,NA
"599",16.75,109.25,NA,NA,NA,NA,NA,NA,NA,NA,NA,NA,NA,NA,NA
"600",16.75,109.75,NA,NA,NA,NA,NA,416.0621,NA,NA,NA,NA,NA,NA,NA
"601",16.75,110.25,NA,NA,NA,NA,NA,NA,NA,NA,NA,NA,NA,NA,NA
"602",16.75,110.75,NA,NA,NA,NA,NA,NA,NA,NA,NA,NA,NA,NA,NA
"603",16.75,111.25,NA,NA,NA,NA,NA,401.0686,NA,NA,NA,NA,NA,NA,NA
"604",16.75,111.75,NA,NA,NA,NA,NA,401.036,NA,NA,NA,NA,NA,NA,NA
"605",16.75,112.25,NA,NA,NA,NA,NA,401.0657,NA,NA,NA,NA,NA,NA,NA
"606",16.75,112.75,NA,NA,NA,NA,NA,NA,NA,NA,NA,NA,NA,NA,NA
"607",16.75,113.25,NA,NA,NA,NA,NA,NA,NA,NA,NA,NA,NA,NA,NA
"608",16.75,113.75,NA,NA,NA,NA,NA,NA,NA,NA,NA,NA,NA,NA,NA
"609",16.75,114.25,NA,NA,NA,NA,NA,NA,NA,NA,NA,NA,NA,NA,NA
"610",16.75,114.75,NA,NA,NA,NA,NA,NA,NA,NA,NA,NA,NA,NA,NA
"611",16.75,115.25,NA,NA,NA,NA,NA,NA,NA,NA,NA,NA,NA,NA,420.4615
"612",16.75,115.75,NA,NA,NA,NA,NA,NA,NA,NA,NA,NA,NA,NA,NA
"613",16.75,116.25,NA,NA,NA,NA,NA,NA,NA,NA,NA,NA,NA,NA,NA
"614",16.75,116.75,NA,NA,NA,NA,NA,NA,NA,NA,NA,NA,NA,NA,NA
"615",16.75,117.25,NA,NA,NA,NA,NA,NA,NA,NA,NA,NA,NA,NA,423.3849
"616",16.75,117.75,NA,NA,NA,NA,NA,400.1276,NA,NA,NA,NA,NA,NA,NA
"617",16.75,118.25,NA,NA,NA,NA,NA,398.493,NA,NA,NA,NA,NA,NA,NA
"618",16.75,118.75,NA,NA,NA,NA,NA,398.6323,NA,NA,NA,NA,NA,NA,NA
"619",16.75,119.25,NA,NA,NA,NA,NA,392.2231,NA,NA,NA,NA,NA,NA,NA
"620",16.75,119.75,NA,NA,NA,NA,NA,391.7319,NA,NA,NA,NA,NA,NA,NA
"621",16.75,120.25,NA,NA,NA,NA,NA,NA,NA,NA,NA,NA,NA,NA,NA
"622",16.75,120.75,NA,NA,NA,NA,NA,NA,NA,NA,NA,NA,NA,NA,NA
"623",16.75,121.25,NA,NA,NA,NA,NA,NA,NA,NA,NA,NA,NA,NA,NA
"624",16.75,121.75,NA,NA,NA,NA,NA,NA,NA,NA,NA,NA,NA,NA,NA
"625",17.25,109.25,NA,NA,NA,NA,NA,NA,NA,NA,NA,NA,NA,NA,NA
"626",17.25,109.75,NA,NA,NA,NA,NA,395.7185,NA,NA,NA,NA,NA,NA,NA
"627",17.25,110.25,NA,NA,NA,NA,NA,421.7047,NA,NA,NA,NA,NA,NA,NA
"628",17.25,110.75,NA,NA,NA,NA,NA,409.2057,NA,NA,NA,NA,NA,NA,NA
"629",17.25,111.25,NA,NA,NA,NA,NA,403.5499,NA,NA,NA,NA,NA,NA,NA
"630",17.25,111.75,NA,NA,NA,NA,NA,NA,NA,NA,NA,NA,NA,NA,NA
"631",17.25,112.25,NA,NA,NA,NA,NA,NA,NA,NA,NA,NA,NA,NA,NA
"632",17.25,112.75,NA,NA,NA,NA,NA,NA,NA,NA,NA,NA,NA,NA,NA
"633",17.25,113.25,NA,NA,NA,NA,NA,NA,NA,NA,NA,NA,NA,NA,NA
"634",17.25,113.75,NA,NA,NA,NA,NA,NA,NA,NA,NA,NA,NA,NA,NA
"635",17.25,114.25,NA,NA,NA,NA,NA,NA,NA,NA,NA,NA,NA,NA,NA
"636",17.25,114.75,NA,NA,NA,NA,NA,NA,NA,NA,NA,NA,NA,NA,NA
"637",17.25,115.25,NA,NA,NA,NA,NA,NA,NA,NA,NA,NA,NA,NA,419.8192
"638",17.25,115.75,NA,NA,NA,NA,NA,NA,NA,NA,NA,NA,NA,NA,421.6529
"639",17.25,116.25,NA,NA,NA,NA,NA,NA,NA,NA,NA,NA,NA,NA,NA
"640",17.25,116.75,NA,NA,NA,NA,NA,NA,NA,NA,NA,NA,NA,NA,NA
"641",17.25,117.25,NA,NA,NA,NA,NA,NA,NA,NA,NA,NA,NA,NA,421.0628
"642",17.25,117.75,NA,NA,NA,NA,NA,398.6745,NA,NA,NA,NA,NA,NA,NA
"643",17.25,118.25,NA,NA,NA,NA,NA,401.2416,NA,NA,NA,NA,NA,NA,NA
"644",17.25,118.75,NA,NA,NA,NA,NA,399.7787,NA,NA,NA,NA,NA,NA,NA
"645",17.25,119.25,NA,NA,NA,NA,NA,393.7272,NA,NA,NA,NA,NA,NA,NA
"646",17.25,119.75,NA,NA,NA,NA,NA,399.0353,NA,NA,NA,NA,NA,NA,NA
"647",17.25,120.25,NA,NA,NA,NA,NA,403.3093,NA,NA,NA,NA,NA,NA,NA
"648",17.25,120.75,NA,NA,NA,NA,NA,NA,NA,NA,NA,NA,NA,NA,NA
"649",17.25,121.25,NA,NA,NA,NA,NA,NA,NA,NA,NA,NA,NA,NA,NA
"650",17.25,121.75,NA,NA,NA,NA,NA,NA,NA,NA,NA,NA,NA,NA,NA
"651",17.75,109.25,NA,NA,NA,NA,NA,408.1094,NA,396.119,NA,NA,NA,NA,NA
"652",17.75,109.75,NA,NA,NA,NA,NA,410.9718,NA,392.8482,NA,NA,NA,NA,NA
"653",17.75,110.25,NA,NA,NA,NA,NA,418.5371,NA,NA,NA,NA,NA,NA,NA
"654",17.75,110.75,NA,NA,NA,NA,NA,NA,NA,NA,NA,NA,NA,NA,NA
"655",17.75,111.25,NA,NA,NA,NA,NA,404.9285,NA,NA,NA,NA,NA,NA,NA
"656",17.75,111.75,NA,NA,NA,NA,NA,404.5991,NA,NA,NA,413.257,NA,NA,NA
"657",17.75,112.25,NA,NA,NA,NA,NA,405.7638,NA,NA,NA,413.6656,NA,NA,NA
"658",17.75,112.75,NA,NA,NA,NA,NA,404.9043,NA,391.66,NA,NA,NA,NA,NA
"659",17.75,113.25,NA,NA,NA,NA,NA,414.4219,NA,394.8842,NA,422.2186,NA,NA,NA
"660",17.75,113.75,NA,NA,NA,NA,NA,418.5209,NA,393.1191,NA,NA,NA,NA,NA
"661",17.75,114.25,NA,NA,NA,NA,NA,406.2534,NA,NA,NA,NA,NA,NA,NA
"662",17.75,114.75,NA,NA,NA,NA,NA,409.6199,NA,NA,NA,NA,NA,NA,NA
"663",17.75,115.25,NA,NA,NA,NA,NA,404.9486,NA,NA,NA,388.1646,NA,NA,NA
"664",17.75,115.75,NA,NA,387.0024,NA,NA,407.0996,NA,381.1692,388.8902,NA,NA,NA,422.6082
"665",17.75,116.25,NA,NA,397.0405,NA,NA,407.2758,NA,380.9873,NA,411.119,NA,NA,422.1974
"666",17.75,116.75,NA,NA,NA,NA,NA,414.2417,NA,NA,NA,NA,NA,NA,NA
"667",17.75,117.25,NA,NA,NA,NA,NA,405.7413,NA,NA,NA,401.2053,NA,NA,422.5541
"668",17.75,117.75,NA,NA,NA,NA,NA,401.7952,NA,385.0515,NA,407.6578,NA,NA,NA
"669",17.75,118.25,NA,NA,NA,NA,NA,395.8464,NA,NA,NA,NA,NA,NA,NA
"670",17.75,118.75,NA,NA,NA,NA,NA,393.7342,NA,NA,NA,NA,NA,NA,NA
"671",17.75,119.25,NA,NA,NA,NA,NA,398.629,NA,NA,NA,NA,NA,NA,NA
"672",17.75,119.75,NA,NA,NA,NA,NA,402.3041,NA,NA,NA,403.3711,NA,NA,NA
"673",17.75,120.25,NA,NA,NA,NA,NA,405.036,374.7435,NA,NA,NA,NA,NA,NA
"674",17.75,120.75,NA,NA,NA,NA,NA,NA,NA,NA,NA,NA,NA,NA,NA
"675",17.75,121.25,NA,NA,NA,NA,NA,NA,NA,NA,NA,NA,NA,NA,NA
"676",17.75,121.75,NA,NA,NA,NA,NA,NA,NA,NA,NA,NA,NA,NA,NA
"677",18.25,109.25,NA,NA,NA,NA,NA,412.5498,NA,394.8742,460.9709,NA,NA,NA,NA
"678",18.25,109.75,NA,NA,NA,NA,NA,409.3013,NA,393.8364,415.1702,NA,NA,NA,NA
"679",18.25,110.25,NA,NA,NA,NA,NA,NA,NA,391.7739,405.5557,NA,NA,NA,NA
"680",18.25,110.75,NA,NA,NA,NA,NA,NA,NA,393.0237,399.4278,NA,NA,NA,NA
"681",18.25,111.25,NA,NA,NA,NA,NA,404.8335,NA,394.0356,400.5432,NA,NA,NA,NA
"682",18.25,111.75,NA,NA,NA,NA,NA,406.5188,NA,393.911,391.4963,413.3001,NA,NA,NA
"683",18.25,112.25,NA,NA,NA,NA,NA,409.3902,NA,391.6194,392.3434,413.5802,NA,NA,NA
"684",18.25,112.75,NA,NA,NA,NA,NA,406.2877,NA,391.4075,NA,420.8279,NA,NA,NA
"685",18.25,113.25,NA,NA,386.503,NA,NA,412.012,NA,394.2348,NA,421.2346,NA,NA,NA
"686",18.25,113.75,NA,NA,389.3946,NA,NA,421.5931,NA,391.4293,NA,419.7685,NA,NA,NA
"687",18.25,114.25,NA,NA,392.7897,NA,NA,409.3672,NA,387.5035,NA,415.3796,NA,NA,NA
"688",18.25,114.75,NA,NA,391.5893,NA,NA,410.2638,NA,NA,NA,383.0547,NA,NA,NA
"689",18.25,115.25,NA,NA,387.1609,NA,NA,405.6059,NA,NA,NA,392.6634,NA,NA,NA
"690",18.25,115.75,NA,NA,391.267,NA,NA,403.7969,NA,380.0636,388.6317,391.6606,NA,NA,424.0489
"691",18.25,116.25,NA,NA,404.0245,NA,NA,406.6361,NA,381.5006,388.6878,408.5421,NA,NA,423.2737
"692",18.25,116.75,NA,NA,NA,NA,NA,405.9817,NA,384.5898,NA,394.8986,NA,NA,NA
"693",18.25,117.25,NA,NA,NA,NA,NA,404.7403,NA,388.6631,NA,391.0796,NA,NA,423.8193
"694",18.25,117.75,NA,NA,NA,NA,NA,404.1116,NA,387.1599,NA,403.7311,NA,NA,NA
"695",18.25,118.25,NA,NA,NA,NA,NA,400.2149,NA,383.807,NA,404.5892,NA,NA,NA
"696",18.25,118.75,NA,NA,NA,NA,NA,409.9885,NA,382.8064,NA,405.1766,NA,NA,NA
"697",18.25,119.25,NA,NA,NA,NA,NA,418.0372,NA,380.7721,NA,403.6306,NA,NA,NA
"698",18.25,119.75,NA,NA,NA,NA,NA,417.6229,NA,NA,NA,402.6684,NA,NA,NA
"699",18.25,120.25,NA,NA,NA,NA,NA,411.5205,368.7448,NA,NA,NA,NA,NA,NA
"700",18.25,120.75,NA,NA,NA,NA,NA,NA,NA,NA,NA,NA,NA,NA,NA
"701",18.25,121.25,NA,NA,NA,NA,NA,NA,NA,NA,NA,NA,NA,NA,NA
"702",18.25,121.75,NA,NA,NA,NA,NA,NA,NA,NA,NA,NA,NA,NA,NA
"703",18.75,109.25,NA,NA,NA,NA,NA,NA,NA,NA,NA,NA,NA,NA,NA
"704",18.75,109.75,NA,NA,NA,NA,NA,NA,NA,NA,NA,NA,NA,NA,NA
"705",18.75,110.25,NA,NA,NA,NA,NA,NA,NA,388.0029,407.4504,NA,NA,NA,NA
"706",18.75,110.75,NA,NA,NA,NA,NA,NA,NA,390.4106,399.3893,NA,NA,NA,NA
"707",18.75,111.25,NA,NA,NA,NA,NA,NA,NA,389.2433,399.2906,NA,NA,NA,NA
"708",18.75,111.75,NA,NA,NA,NA,NA,NA,NA,391.5307,395.0881,NA,NA,NA,NA
"709",18.75,112.25,NA,NA,NA,NA,NA,403.9987,NA,NA,383.659,NA,NA,NA,NA
"710",18.75,112.75,NA,NA,NA,NA,NA,404.6436,NA,399.0348,372.2049,NA,NA,NA,NA
"711",18.75,113.25,NA,NA,383.4689,NA,NA,408.4127,NA,394.4095,NA,NA,NA,NA,NA
"712",18.75,113.75,NA,NA,NA,NA,NA,406.8283,NA,391.8723,NA,NA,NA,NA,NA
"713",18.75,114.25,NA,NA,NA,NA,NA,408.1742,NA,390.4715,NA,NA,NA,NA,NA
"714",18.75,114.75,NA,NA,NA,NA,NA,408.1976,NA,395.0075,NA,NA,NA,NA,NA
"715",18.75,115.25,NA,NA,NA,NA,NA,409.1945,NA,394.1963,NA,401.1585,NA,NA,NA
"716",18.75,115.75,NA,NA,389.4396,NA,NA,414.959,NA,387.688,389.1276,391.9495,NA,NA,NA
"717",18.75,116.25,NA,NA,NA,NA,NA,406.237,NA,395.3433,390.7295,405.3683,NA,NA,420.4245
"718",18.75,116.75,NA,NA,NA,NA,NA,409.9998,NA,392.8732,392.4755,410.6636,NA,NA,NA
"719",18.75,117.25,NA,NA,NA,NA,NA,409.5017,NA,393.8696,NA,NA,NA,NA,421.4603
"720",18.75,117.75,NA,NA,NA,NA,NA,404.2817,NA,394.4322,NA,NA,NA,NA,NA
"721",18.75,118.25,NA,NA,NA,NA,NA,407.9447,NA,NA,NA,406.6056,NA,NA,NA
"722",18.75,118.75,NA,NA,NA,NA,NA,411.6584,NA,NA,NA,405.1803,NA,NA,NA
"723",18.75,119.25,NA,NA,NA,NA,NA,423.6848,NA,383.1925,NA,NA,NA,NA,NA
"724",18.75,119.75,NA,NA,NA,NA,NA,417.1656,NA,378.7151,NA,406.5484,NA,NA,NA
"725",18.75,120.25,NA,NA,NA,NA,NA,405.3334,379.9712,378.9724,NA,NA,NA,NA,NA
"726",18.75,120.75,NA,NA,NA,NA,NA,391.267,372.0986,NA,NA,NA,NA,NA,NA
"727",18.75,121.25,NA,NA,NA,NA,NA,NA,NA,NA,NA,NA,NA,NA,NA
"728",18.75,121.75,NA,NA,NA,NA,NA,NA,NA,NA,NA,NA,NA,NA,NA
"729",19.25,109.25,NA,NA,NA,NA,NA,NA,NA,NA,NA,NA,NA,NA,NA
"730",19.25,109.75,NA,NA,NA,NA,NA,NA,NA,NA,NA,NA,NA,NA,NA
"731",19.25,110.25,NA,NA,NA,NA,NA,NA,NA,NA,NA,NA,NA,NA,NA
"732",19.25,110.75,NA,NA,NA,NA,NA,NA,NA,391.2372,404.0325,NA,NA,NA,NA
"733",19.25,111.25,NA,NA,NA,NA,NA,NA,NA,387.9065,390.0125,NA,NA,NA,NA
"734",19.25,111.75,NA,NA,NA,NA,NA,NA,NA,391.7964,388.2166,NA,NA,NA,NA
"735",19.25,112.25,NA,NA,NA,NA,NA,NA,NA,394.9439,387.1279,NA,NA,NA,NA
"736",19.25,112.75,NA,NA,380.5162,NA,NA,408.3337,NA,398.6077,384.5867,NA,NA,NA,NA
"737",19.25,113.25,NA,NA,NA,NA,NA,407.1792,NA,NA,NA,NA,NA,NA,NA
"738",19.25,113.75,NA,NA,NA,NA,NA,406.1435,NA,391.1044,NA,NA,NA,NA,NA
"739",19.25,114.25,NA,NA,NA,NA,NA,406.7111,NA,NA,NA,NA,NA,NA,NA
"740",19.25,114.75,NA,NA,NA,NA,NA,407.4488,NA,NA,401.5247,NA,NA,NA,NA
"741",19.25,115.25,NA,NA,NA,NA,NA,409.3816,NA,389.1841,395.1223,397.2824,NA,NA,NA
"742",19.25,115.75,NA,NA,388.6452,NA,NA,413.7637,NA,NA,387.8779,407.6109,NA,NA,NA
"743",19.25,116.25,NA,NA,NA,NA,NA,406.397,NA,392.4355,387.1496,374.3914,NA,NA,424.9554
"744",19.25,116.75,NA,NA,NA,NA,NA,408.7225,NA,392.4397,392.4284,411.1855,NA,NA,NA
"745",19.25,117.25,NA,NA,NA,NA,NA,412.5367,NA,392.9928,NA,411.8606,NA,NA,416.6087
"746",19.25,117.75,NA,NA,NA,NA,NA,406.3402,NA,392.5169,NA,412.9634,NA,NA,NA
"747",19.25,118.25,NA,NA,NA,NA,NA,403.7156,NA,392.2999,NA,406.1499,NA,NA,NA
"748",19.25,118.75,NA,NA,NA,NA,NA,401.0652,NA,NA,NA,NA,NA,NA,NA
"749",19.25,119.25,NA,NA,NA,NA,NA,411.9721,NA,NA,NA,NA,NA,NA,NA
"750",19.25,119.75,NA,NA,NA,NA,NA,402.0003,NA,NA,NA,404.7865,NA,NA,NA
"751",19.25,120.25,NA,NA,NA,NA,NA,395.0424,NA,383.8695,NA,NA,NA,NA,NA
"752",19.25,120.75,NA,NA,NA,NA,NA,396.1999,373.0109,NA,NA,NA,NA,NA,NA
"753",19.25,121.25,NA,NA,NA,NA,NA,NA,374.0241,NA,NA,NA,NA,NA,NA
"754",19.25,121.75,NA,NA,NA,NA,NA,NA,NA,NA,NA,NA,NA,NA,NA
"755",19.75,109.25,NA,NA,NA,NA,NA,NA,NA,NA,NA,NA,NA,NA,NA
"756",19.75,109.75,NA,NA,NA,NA,NA,NA,NA,NA,NA,NA,NA,NA,NA
"757",19.75,110.25,NA,NA,NA,NA,NA,NA,NA,NA,NA,NA,NA,NA,NA
"758",19.75,110.75,NA,NA,NA,NA,NA,NA,NA,NA,NA,NA,NA,NA,NA
"759",19.75,111.25,NA,NA,NA,NA,NA,NA,NA,390.6157,396.6801,NA,NA,NA,NA
"760",19.75,111.75,NA,NA,NA,NA,NA,NA,NA,389.6451,390.7828,NA,NA,NA,NA
"761",19.75,112.25,NA,NA,379.6255,NA,NA,NA,NA,386.516,393.5863,NA,NA,NA,NA
"762",19.75,112.75,NA,NA,NA,NA,NA,NA,NA,NA,379.6434,NA,NA,NA,NA
"763",19.75,113.25,NA,NA,NA,NA,NA,NA,NA,393.827,NA,NA,NA,448.6711,NA
"764",19.75,113.75,NA,NA,NA,NA,NA,NA,NA,391.5439,375.4038,NA,NA,NA,NA
"765",19.75,114.25,NA,NA,NA,NA,NA,NA,NA,NA,403.6308,NA,NA,NA,NA
"766",19.75,114.75,NA,NA,384.2686,NA,NA,412.7286,NA,NA,401.9706,NA,NA,NA,NA
"767",19.75,115.25,NA,NA,NA,NA,NA,410.4746,NA,390.6555,NA,416.4715,NA,NA,NA
"768",19.75,115.75,NA,NA,378.0599,NA,NA,407.0524,NA,395.8493,396.6975,NA,NA,NA,NA
"769",19.75,116.25,NA,NA,NA,NA,NA,403.2004,NA,393.4549,394.1872,NA,NA,NA,417.7864
"770",19.75,116.75,NA,NA,NA,NA,NA,404.4742,NA,NA,NA,NA,NA,426.0662,NA
"771",19.75,117.25,NA,NA,NA,NA,NA,401.6917,NA,394.6996,NA,411.0729,NA,423.9986,415.2725
"772",19.75,117.75,NA,NA,NA,NA,NA,400.9343,NA,392.063,NA,407.9606,NA,NA,NA
"773",19.75,118.25,NA,NA,NA,NA,NA,393.8492,NA,381.9168,NA,412.6165,NA,NA,NA
"774",19.75,118.75,NA,NA,NA,NA,NA,397.7283,NA,383.071,NA,NA,NA,NA,NA
"775",19.75,119.25,NA,NA,NA,NA,NA,401.3461,NA,388.2567,NA,440.2361,NA,NA,NA
"776",19.75,119.75,NA,NA,NA,NA,NA,398.117,NA,377.1073,NA,403.1428,NA,NA,NA
"777",19.75,120.25,NA,NA,NA,NA,NA,398.2746,NA,379.3707,NA,NA,NA,NA,NA
"778",19.75,120.75,NA,NA,NA,NA,NA,398.3478,373.6219,NA,NA,NA,NA,NA,NA
"779",19.75,121.25,NA,NA,NA,NA,NA,NA,376.7103,NA,NA,NA,NA,NA,NA
"780",19.75,121.75,NA,NA,NA,NA,NA,NA,NA,NA,NA,NA,NA,NA,NA
"781",20.25,109.25,NA,NA,NA,NA,NA,NA,NA,NA,NA,NA,NA,NA,NA
"782",20.25,109.75,NA,NA,NA,NA,NA,NA,NA,NA,NA,NA,NA,NA,NA
"783",20.25,110.25,NA,NA,NA,NA,NA,NA,NA,NA,NA,NA,NA,NA,NA
"784",20.25,110.75,NA,NA,NA,NA,NA,NA,NA,452.0519,385.0809,NA,NA,NA,NA
"785",20.25,111.25,NA,NA,NA,NA,NA,NA,NA,443.2835,386.6376,NA,NA,NA,NA
"786",20.25,111.75,NA,NA,381.8354,NA,NA,NA,NA,NA,395.901,NA,NA,NA,NA
"787",20.25,112.25,NA,NA,381.9528,NA,NA,NA,NA,385.7057,402.3825,NA,NA,NA,NA
"788",20.25,112.75,NA,NA,NA,NA,NA,NA,NA,389.7907,390.6232,NA,NA,443.8753,NA
"789",20.25,113.25,NA,NA,NA,NA,NA,NA,NA,390.3823,364.3703,NA,NA,442.3152,NA
"790",20.25,113.75,NA,NA,NA,NA,NA,NA,NA,NA,320.7267,NA,NA,NA,NA
"791",20.25,114.25,NA,NA,362.9492,NA,NA,NA,NA,NA,NA,NA,NA,NA,NA
"792",20.25,114.75,NA,NA,370.5416,NA,NA,410.1895,NA,NA,NA,NA,NA,NA,NA
"793",20.25,115.25,NA,NA,362.0202,NA,NA,409.1032,NA,389.7549,399.7127,390.8043,NA,NA,NA
"794",20.25,115.75,NA,NA,376.5057,NA,NA,403.8329,NA,394.1816,393.8244,393.0029,NA,NA,NA
"795",20.25,116.25,NA,NA,380.8758,NA,NA,402.2713,405.7615,NA,NA,398.7474,NA,417.462,409.928
"796",20.25,116.75,NA,NA,NA,NA,NA,397.7917,400.7217,392.1101,NA,394.1069,NA,417.841,NA
"797",20.25,117.25,NA,NA,NA,NA,NA,401.9575,403.7113,394.2689,NA,410.2812,NA,437.7238,NA
"798",20.25,117.75,NA,NA,NA,NA,NA,398.7819,407.2189,NA,NA,406.6527,NA,437.4019,NA
"799",20.25,118.25,NA,NA,NA,NA,NA,399.3363,NA,389.0119,NA,413.5968,NA,NA,NA
"800",20.25,118.75,NA,NA,NA,NA,NA,397.8629,NA,392.2192,NA,431.3201,NA,NA,NA
"801",20.25,119.25,NA,NA,NA,NA,NA,394.6395,NA,NA,NA,412.5001,NA,NA,NA
"802",20.25,119.75,NA,NA,NA,NA,NA,397.6849,NA,NA,NA,399.3768,NA,NA,NA
"803",20.25,120.25,NA,NA,NA,NA,NA,400.0719,NA,380.145,NA,NA,NA,NA,NA
"804",20.25,120.75,NA,NA,NA,NA,NA,399.389,378.9288,NA,NA,NA,NA,NA,NA
"805",20.25,121.25,NA,NA,NA,NA,NA,NA,370.3747,NA,NA,NA,NA,NA,NA
"806",20.25,121.75,NA,NA,NA,NA,NA,NA,NA,NA,NA,NA,NA,NA,NA
"807",20.75,109.25,NA,NA,NA,NA,NA,NA,NA,NA,NA,NA,NA,NA,NA
"808",20.75,109.75,NA,NA,NA,NA,NA,NA,NA,NA,NA,NA,NA,NA,NA
"809",20.75,110.25,NA,NA,NA,NA,NA,NA,NA,NA,NA,NA,NA,NA,NA
"810",20.75,110.75,NA,NA,403.5061,NA,NA,NA,NA,388.9327,362.4628,NA,NA,NA,NA
"811",20.75,111.25,NA,NA,323.615,NA,NA,NA,NA,315.2732,364.7796,NA,NA,NA,NA
"812",20.75,111.75,NA,NA,320.1324,NA,NA,NA,NA,NA,386.9742,NA,NA,NA,NA
"813",20.75,112.25,NA,NA,NA,NA,NA,NA,NA,397.4611,NA,NA,NA,416.2041,NA
"814",20.75,112.75,NA,NA,381.3342,NA,NA,NA,NA,394.7175,368.0825,NA,NA,424.0265,NA
"815",20.75,113.25,NA,NA,NA,NA,NA,NA,NA,384.6526,345.7923,NA,NA,NA,NA
"816",20.75,113.75,NA,NA,381.8598,NA,NA,NA,NA,385.8145,371.694,NA,NA,NA,NA
"817",20.75,114.25,NA,NA,375.1604,NA,NA,NA,NA,NA,361.6885,NA,NA,NA,NA
"818",20.75,114.75,402.9671,NA,375.9063,NA,NA,NA,NA,385.4707,390.1615,NA,NA,NA,NA
"819",20.75,115.25,413.0869,NA,367.6837,NA,NA,404.7044,408.8579,390.4689,391.4711,NA,NA,NA,NA
"820",20.75,115.75,NA,NA,NA,NA,NA,402.1833,410.5738,NA,NA,NA,NA,NA,NA
"821",20.75,116.25,NA,NA,381.2201,NA,NA,396.8308,408.7901,392.3229,NA,NA,NA,422.9348,403.168
"822",20.75,116.75,NA,NA,372.4734,NA,NA,396.8198,398.7389,391.5187,NA,402.9599,NA,NA,400.7542
"823",20.75,117.25,NA,NA,NA,NA,NA,398.5299,398.4658,NA,NA,NA,NA,NA,434.7039
"824",20.75,117.75,NA,NA,NA,NA,NA,395.893,NA,392.6635,NA,403.0002,NA,449.2605,NA
"825",20.75,118.25,NA,NA,NA,NA,NA,403.9607,NA,392.3307,NA,433.6233,NA,NA,NA
"826",20.75,118.75,NA,NA,NA,NA,NA,398.964,NA,NA,NA,425.2198,NA,NA,NA
"827",20.75,119.25,NA,NA,NA,NA,NA,398.2322,NA,NA,NA,425.1735,NA,NA,NA
"828",20.75,119.75,NA,NA,NA,NA,NA,401.5199,NA,388.4554,NA,391.191,NA,NA,NA
"829",20.75,120.25,NA,NA,NA,NA,NA,403.581,NA,384.0144,NA,384.6112,NA,NA,NA
"830",20.75,120.75,NA,NA,NA,NA,NA,401.2747,379.3937,NA,NA,NA,NA,NA,NA
"831",20.75,121.25,NA,NA,NA,NA,NA,NA,369.9815,NA,NA,NA,NA,NA,NA
"832",20.75,121.75,NA,NA,NA,NA,NA,NA,363.162,NA,NA,NA,NA,NA,NA
"833",21.25,109.25,NA,NA,NA,NA,NA,NA,NA,NA,NA,NA,NA,NA,NA
"834",21.25,109.75,NA,NA,NA,NA,NA,NA,NA,NA,NA,NA,NA,NA,NA
"835",21.25,110.25,NA,NA,NA,NA,NA,NA,NA,NA,NA,NA,NA,NA,NA
"836",21.25,110.75,NA,NA,394.3813,NA,NA,NA,NA,NA,NA,NA,NA,NA,NA
"837",21.25,111.25,NA,NA,331.1877,NA,NA,NA,NA,329.2308,357.447,NA,408.6053,NA,NA
"838",21.25,111.75,NA,NA,NA,NA,NA,NA,NA,308.5031,368.866,NA,394.6637,NA,NA
"839",21.25,112.25,NA,NA,NA,NA,NA,NA,NA,347.0806,352.7091,NA,429.6092,416.6072,NA
"840",21.25,112.75,NA,NA,382.572,NA,NA,NA,NA,NA,327.0076,NA,436.4071,418.5888,NA
"841",21.25,113.25,NA,NA,388.2004,NA,NA,NA,NA,NA,NA,NA,428.1272,NA,NA
"842",21.25,113.75,NA,NA,382.8193,NA,NA,NA,NA,387.2535,NA,NA,377.2598,NA,NA
"843",21.25,114.25,NA,NA,381.365,NA,NA,NA,NA,388.2843,364.4421,NA,370.95,NA,NA
"844",21.25,114.75,412.7845,NA,378.2781,NA,NA,NA,405.6438,389.424,378.7143,NA,422.5929,NA,NA
"845",21.25,115.25,NA,NA,NA,NA,NA,404.2079,396.1267,NA,NA,NA,423.0454,NA,NA
"846",21.25,115.75,NA,NA,NA,NA,NA,406.2396,373.5422,397.1436,NA,NA,NA,431.3019,NA
"847",21.25,116.25,NA,NA,348.6417,NA,NA,401.5669,399.7714,394.6566,NA,NA,412.8587,415.735,NA
"848",21.25,116.75,NA,NA,374.8372,NA,NA,382.2312,408.8401,NA,NA,NA,NA,NA,404.5296
"849",21.25,117.25,NA,NA,NA,NA,372.2801,384.9361,NA,392.9009,NA,347.4315,NA,NA,428.5143
"850",21.25,117.75,NA,NA,NA,NA,353.3795,348.2088,NA,390.0574,NA,425.3615,NA,437.7984,NA
"851",21.25,118.25,NA,NA,NA,NA,NA,392.8126,NA,NA,NA,436.5255,NA,436.1801,NA
"852",21.25,118.75,NA,NA,NA,NA,NA,406.7137,NA,391.4918,NA,409.5002,NA,NA,NA
"853",21.25,119.25,NA,NA,NA,NA,NA,408.7619,NA,392.4869,NA,404.3211,NA,NA,NA
"854",21.25,119.75,NA,NA,NA,NA,NA,405.8708,NA,390.7596,NA,390.6762,NA,NA,NA
"855",21.25,120.25,NA,NA,NA,NA,NA,402.4926,378.1564,NA,NA,382.2841,NA,NA,NA
"856",21.25,120.75,NA,NA,NA,NA,NA,405.5816,377.2019,NA,NA,387.3533,NA,NA,NA
"857",21.25,121.25,NA,NA,NA,NA,NA,386.4153,373.6879,NA,NA,NA,NA,NA,NA
"858",21.25,121.75,NA,NA,NA,NA,NA,382.5054,369.0935,NA,NA,NA,NA,NA,NA
"859",21.75,109.25,NA,NA,NA,NA,NA,NA,NA,NA,NA,NA,NA,NA,NA
"860",21.75,109.75,NA,NA,NA,NA,NA,NA,NA,NA,NA,NA,NA,NA,NA
"861",21.75,110.25,NA,NA,NA,NA,NA,NA,NA,NA,NA,NA,NA,NA,NA
"862",21.75,110.75,NA,NA,NA,NA,NA,NA,NA,NA,NA,NA,NA,NA,NA
"863",21.75,111.25,NA,NA,NA,NA,NA,NA,NA,NA,NA,NA,NA,NA,NA
"864",21.75,111.75,NA,NA,NA,NA,NA,NA,NA,NA,NA,NA,396.1925,NA,NA
"865",21.75,112.25,NA,NA,NA,NA,NA,NA,NA,NA,NA,NA,420.0337,NA,NA
"866",21.75,112.75,NA,NA,329.407,NA,NA,NA,NA,NA,NA,NA,280.1926,NA,NA
"867",21.75,113.25,NA,NA,386.164,NA,NA,NA,NA,NA,NA,NA,332.7487,NA,NA
"868",21.75,113.75,NA,NA,306.8561,NA,NA,NA,NA,340.0829,NA,NA,338.0704,NA,NA
"869",21.75,114.25,425.5633,NA,341.7241,NA,NA,NA,NA,386.3283,387.8166,NA,417.6094,NA,NA
"870",21.75,114.75,400.2593,NA,NA,NA,NA,NA,NA,389.5508,368.4022,NA,405.5135,NA,NA
"871",21.75,115.25,NA,NA,354.5561,NA,NA,NA,NA,392.7257,348.5865,NA,399.8915,387.8606,NA
"872",21.75,115.75,NA,NA,327.6885,NA,NA,NA,342.8557,363.9513,359.9276,NA,397.1174,439.9578,NA
"873",21.75,116.25,NA,NA,320.4746,NA,NA,329.2711,397.3577,NA,NA,NA,410.1505,NA,NA
"874",21.75,116.75,NA,NA,NA,NA,344.4294,348.1927,402.9755,382.6898,NA,NA,389.1442,NA,400.7724
"875",21.75,117.25,NA,NA,NA,NA,371.4229,356.1846,394.886,390.9775,NA,397.1923,401.54,NA,377.8121
"876",21.75,117.75,NA,NA,NA,360.0765,356.1578,331.7273,389.5016,NA,NA,314.0986,NA,NA,NA
"877",21.75,118.25,NA,NA,NA,374.3617,NA,340.0128,398.0122,NA,NA,382.0485,NA,437.3915,NA
"878",21.75,118.75,NA,NA,NA,NA,NA,407.445,NA,395.4673,NA,425.2243,NA,446.582,NA
"879",21.75,119.25,NA,NA,NA,NA,NA,409.3565,375.9933,NA,NA,405.356,NA,NA,NA
"880",21.75,119.75,NA,NA,NA,NA,NA,399.5648,375.5329,NA,NA,401.0735,NA,NA,NA
"881",21.75,120.25,NA,NA,NA,NA,NA,394.8447,380.1956,NA,NA,NA,NA,NA,NA
"882",21.75,120.75,NA,NA,NA,NA,NA,NA,NA,NA,NA,NA,NA,NA,NA
"883",21.75,121.25,NA,NA,NA,NA,NA,NA,NA,NA,NA,NA,NA,NA,NA
"884",21.75,121.75,NA,NA,NA,NA,NA,NA,358.6668,NA,NA,NA,NA,NA,NA
"885",22.25,109.25,NA,NA,NA,NA,NA,NA,NA,NA,NA,NA,NA,NA,NA
"886",22.25,109.75,NA,NA,NA,NA,NA,NA,NA,NA,NA,NA,NA,NA,NA
"887",22.25,110.25,NA,NA,NA,NA,NA,NA,NA,NA,NA,NA,NA,NA,NA
"888",22.25,110.75,NA,NA,NA,NA,NA,NA,NA,NA,NA,NA,NA,NA,NA
"889",22.25,111.25,NA,NA,NA,NA,NA,NA,NA,NA,NA,NA,NA,NA,NA
"890",22.25,111.75,NA,NA,NA,NA,NA,NA,NA,NA,NA,NA,NA,NA,NA
"891",22.25,112.25,NA,NA,NA,NA,NA,NA,NA,NA,NA,NA,NA,NA,NA
"892",22.25,112.75,NA,NA,NA,NA,NA,NA,NA,NA,NA,NA,NA,NA,NA
"893",22.25,113.25,NA,NA,NA,NA,NA,NA,NA,NA,NA,NA,NA,NA,NA
"894",22.25,113.75,NA,346.5887,394.992,NA,NA,NA,NA,316.4025,NA,NA,353.4945,NA,NA
"895",22.25,114.25,NA,368.8328,287.3306,NA,NA,NA,NA,NA,383.2037,NA,285.1232,NA,NA
"896",22.25,114.75,NA,377.2683,351.573,NA,NA,NA,NA,NA,376.7762,NA,377.3161,NA,NA
"897",22.25,115.25,NA,388.0158,351.4497,NA,NA,NA,NA,288.7544,381.3971,NA,380.5885,NA,NA
"898",22.25,115.75,NA,NA,NA,NA,NA,NA,319.9078,307.0667,375.6575,NA,359.7787,NA,NA
"899",22.25,116.25,NA,NA,NA,NA,306.2766,NA,312.9369,346.2925,363.3218,NA,373.64,NA,NA
"900",22.25,116.75,NA,NA,NA,NA,333.6514,NA,306.5613,289.4153,362.2286,NA,380.117,NA,393.0364
"901",22.25,117.25,NA,NA,NA,324.8841,328.2896,315.6438,324.2943,NA,354.0919,NA,383.4765,NA,373.3418
"902",22.25,117.75,NA,NA,NA,354.1473,330.8184,319.4698,358.0665,NA,350.0429,393.8822,NA,NA,313.753
"903",22.25,118.25,NA,NA,364.1993,347.3744,359.973,NA,384.7894,389.78,NA,310.8176,NA,451.7058,NA
"904",22.25,118.75,NA,NA,369.0299,336.772,388.9104,NA,365.3056,404.9134,NA,NA,NA,445.0503,NA
"905",22.25,119.25,NA,NA,NA,NA,NA,NA,379.072,NA,NA,393.3719,NA,NA,NA
"906",22.25,119.75,NA,NA,NA,NA,NA,NA,387.6387,NA,NA,395.8533,NA,NA,NA
"907",22.25,120.25,NA,NA,NA,NA,NA,NA,NA,NA,NA,NA,NA,NA,NA
"908",22.25,120.75,NA,NA,NA,NA,NA,NA,NA,NA,NA,NA,NA,NA,NA
"909",22.25,121.25,NA,NA,NA,NA,NA,NA,NA,NA,NA,NA,NA,NA,NA
"910",22.25,121.75,NA,NA,NA,NA,NA,NA,NA,NA,NA,NA,NA,NA,NA
"911",22.75,109.25,NA,NA,NA,NA,NA,NA,NA,NA,NA,NA,NA,NA,NA
"912",22.75,109.75,NA,NA,NA,NA,NA,NA,NA,NA,NA,NA,NA,NA,NA
"913",22.75,110.25,NA,NA,NA,NA,NA,NA,NA,NA,NA,NA,NA,NA,NA
"914",22.75,110.75,NA,NA,NA,NA,NA,NA,NA,NA,NA,NA,NA,NA,NA
"915",22.75,111.25,NA,NA,NA,NA,NA,NA,NA,NA,NA,NA,NA,NA,NA
"916",22.75,111.75,NA,NA,NA,NA,NA,NA,NA,NA,NA,NA,NA,NA,NA
"917",22.75,112.25,NA,NA,NA,NA,NA,NA,NA,NA,NA,NA,NA,NA,NA
"918",22.75,112.75,NA,NA,NA,NA,NA,NA,NA,NA,NA,NA,NA,NA,NA
"919",22.75,113.25,NA,NA,NA,NA,NA,NA,NA,NA,NA,NA,NA,NA,NA
"920",22.75,113.75,NA,NA,NA,NA,NA,NA,NA,NA,NA,NA,NA,NA,NA
"921",22.75,114.25,NA,NA,NA,NA,NA,NA,NA,NA,NA,NA,NA,NA,NA
"922",22.75,114.75,NA,NA,334.4788,NA,NA,NA,NA,NA,NA,NA,NA,NA,NA
"923",22.75,115.25,NA,387.7958,328.7026,NA,NA,NA,306.3438,NA,NA,NA,313.528,NA,NA
"924",22.75,115.75,NA,385.0296,369.5783,NA,210.2488,NA,286.7771,304.192,NA,NA,307.014,NA,NA
"925",22.75,116.25,NA,375.5268,360.9267,NA,274.6513,NA,312.6776,326.3145,371.8407,NA,367.0163,NA,NA
"926",22.75,116.75,NA,374.0955,362.7214,242.5516,NA,NA,332.8777,280.2695,360.0369,NA,361.5474,NA,NA
"927",22.75,117.25,NA,NA,NA,296.7921,250.0397,397.5367,303.866,NA,354.844,NA,408.4479,NA,380.208
"928",22.75,117.75,NA,NA,371.7289,314.1278,305.7256,385.0618,314.9504,397.4898,362.2874,392.3156,NA,NA,363.7049
"929",22.75,118.25,NA,NA,373.4893,335.7947,344.1044,NA,337.396,NA,NA,NA,NA,431.7478,NA
"930",22.75,118.75,NA,NA,383.9111,343.8467,356.3695,NA,374.3407,NA,NA,NA,NA,NA,NA
"931",22.75,119.25,NA,NA,NA,NA,NA,NA,390.626,NA,NA,388.3082,NA,NA,NA
"932",22.75,119.75,NA,NA,NA,NA,NA,NA,NA,NA,NA,NA,NA,NA,NA
"933",22.75,120.25,NA,NA,NA,NA,NA,NA,NA,NA,NA,NA,NA,NA,NA
"934",22.75,120.75,NA,NA,NA,NA,NA,NA,NA,NA,NA,NA,NA,NA,NA
"935",22.75,121.25,NA,NA,NA,NA,NA,NA,NA,NA,NA,NA,NA,NA,NA
"936",22.75,121.75,NA,NA,NA,NA,NA,NA,NA,NA,NA,NA,NA,NA,NA
"937",23.25,109.25,NA,NA,NA,NA,NA,NA,NA,NA,NA,NA,NA,NA,NA
"938",23.25,109.75,NA,NA,NA,NA,NA,NA,NA,NA,NA,NA,NA,NA,NA
"939",23.25,110.25,NA,NA,NA,NA,NA,NA,NA,NA,NA,NA,NA,NA,NA
"940",23.25,110.75,NA,NA,NA,NA,NA,NA,NA,NA,NA,NA,NA,NA,NA
"941",23.25,111.25,NA,NA,NA,NA,NA,NA,NA,NA,NA,NA,NA,NA,NA
"942",23.25,111.75,NA,NA,NA,NA,NA,NA,NA,NA,NA,NA,NA,NA,NA
"943",23.25,112.25,NA,NA,NA,NA,NA,NA,NA,NA,NA,NA,NA,NA,NA
"944",23.25,112.75,NA,NA,NA,NA,NA,NA,NA,NA,NA,NA,NA,NA,NA
"945",23.25,113.25,NA,NA,NA,NA,NA,NA,NA,NA,NA,NA,NA,NA,NA
"946",23.25,113.75,NA,NA,NA,NA,NA,NA,NA,NA,NA,NA,NA,NA,NA
"947",23.25,114.25,NA,NA,NA,NA,NA,NA,NA,NA,NA,NA,NA,NA,NA
"948",23.25,114.75,NA,NA,NA,NA,NA,NA,NA,NA,NA,NA,NA,NA,NA
"949",23.25,115.25,NA,NA,NA,NA,NA,NA,NA,NA,NA,NA,NA,NA,NA
"950",23.25,115.75,NA,NA,NA,NA,NA,NA,NA,NA,NA,NA,NA,NA,NA
"951",23.25,116.25,NA,NA,NA,NA,NA,NA,NA,NA,NA,NA,NA,NA,NA
"952",23.25,116.75,NA,373.9809,352.2004,NA,NA,NA,350.6311,312.3139,NA,NA,380.7897,NA,NA
"953",23.25,117.25,NA,369.6015,385.8447,307.8292,247.0623,NA,352.4132,331.2151,359.964,NA,383.4675,NA,NA
"954",23.25,117.75,NA,NA,382.4398,312.6931,298.6146,394.4578,379.5083,NA,367.9046,394.0518,NA,NA,380.3783
"955",23.25,118.25,NA,NA,362.1165,336.3263,357.7795,409.2943,NA,NA,356.4317,393.1767,NA,441.8012,NA
"956",23.25,118.75,NA,NA,NA,NA,NA,NA,387.2347,NA,NA,396.5846,NA,NA,NA
"957",23.25,119.25,NA,NA,NA,NA,NA,NA,NA,NA,NA,394.8367,NA,NA,NA
"958",23.25,119.75,NA,NA,NA,NA,NA,NA,NA,NA,NA,NA,NA,NA,NA
"959",23.25,120.25,NA,NA,NA,NA,NA,NA,NA,NA,NA,NA,NA,NA,NA
"960",23.25,120.75,NA,NA,NA,NA,NA,NA,NA,NA,NA,NA,NA,NA,NA
"961",23.25,121.25,NA,NA,NA,NA,NA,NA,NA,NA,NA,NA,NA,NA,NA
"962",23.25,121.75,NA,NA,NA,NA,NA,NA,NA,NA,NA,NA,NA,NA,NA
"963",23.75,109.25,NA,NA,NA,NA,NA,NA,NA,NA,NA,NA,NA,NA,NA
"964",23.75,109.75,NA,NA,NA,NA,NA,NA,NA,NA,NA,NA,NA,NA,NA
"965",23.75,110.25,NA,NA,NA,NA,NA,NA,NA,NA,NA,NA,NA,NA,NA
"966",23.75,110.75,NA,NA,NA,NA,NA,NA,NA,NA,NA,NA,NA,NA,NA
"967",23.75,111.25,NA,NA,NA,NA,NA,NA,NA,NA,NA,NA,NA,NA,NA
"968",23.75,111.75,NA,NA,NA,NA,NA,NA,NA,NA,NA,NA,NA,NA,NA
"969",23.75,112.25,NA,NA,NA,NA,NA,NA,NA,NA,NA,NA,NA,NA,NA
"970",23.75,112.75,NA,NA,NA,NA,NA,NA,NA,NA,NA,NA,NA,NA,NA
"971",23.75,113.25,NA,NA,NA,NA,NA,NA,NA,NA,NA,NA,NA,NA,NA
"972",23.75,113.75,NA,NA,NA,NA,NA,NA,NA,NA,NA,NA,NA,NA,NA
"973",23.75,114.25,NA,NA,NA,NA,NA,NA,NA,NA,NA,NA,NA,NA,NA
"974",23.75,114.75,NA,NA,NA,NA,NA,NA,NA,NA,NA,NA,NA,NA,NA
"975",23.75,115.25,NA,NA,NA,NA,NA,NA,NA,NA,NA,NA,NA,NA,NA
"976",23.75,115.75,NA,NA,NA,NA,NA,NA,NA,NA,NA,NA,NA,NA,NA
"977",23.75,116.25,NA,NA,NA,NA,NA,NA,NA,NA,NA,NA,NA,NA,NA
"978",23.75,116.75,NA,NA,NA,NA,NA,NA,NA,NA,NA,NA,NA,NA,NA
"979",23.75,117.25,NA,NA,385.8873,NA,367.9449,NA,340.2886,274.0951,NA,NA,NA,NA,NA
"980",23.75,117.75,NA,400.7228,384.8917,366.4505,338.801,437.6263,375.2019,405.4709,423.8241,NA,NA,NA,384.9344
"981",23.75,118.25,NA,NA,386.2099,408.0085,430.5963,442.4597,422.1457,410.8711,373.1246,386.6786,NA,443.9513,380.6399
"982",23.75,118.75,NA,NA,NA,NA,NA,NA,387.8094,NA,NA,385.371,NA,NA,NA
"983",23.75,119.25,NA,NA,NA,NA,NA,NA,NA,NA,NA,NA,NA,NA,NA
"984",23.75,119.75,NA,NA,NA,NA,NA,NA,NA,NA,NA,NA,NA,NA,NA
"985",23.75,120.25,NA,NA,NA,NA,NA,NA,NA,NA,NA,NA,NA,NA,NA
"986",23.75,120.75,NA,NA,NA,NA,NA,NA,NA,NA,NA,NA,NA,NA,NA
"987",23.75,121.25,NA,NA,NA,NA,NA,NA,NA,NA,NA,NA,NA,NA,NA
"988",23.75,121.75,NA,NA,NA,NA,NA,NA,NA,NA,NA,NA,NA,NA,NA
"989",24.25,109.25,NA,NA,NA,NA,NA,NA,NA,NA,NA,NA,NA,NA,NA
"990",24.25,109.75,NA,NA,NA,NA,NA,NA,NA,NA,NA,NA,NA,NA,NA
"991",24.25,110.25,NA,NA,NA,NA,NA,NA,NA,NA,NA,NA,NA,NA,NA
"992",24.25,110.75,NA,NA,NA,NA,NA,NA,NA,NA,NA,NA,NA,NA,NA
"993",24.25,111.25,NA,NA,NA,NA,NA,NA,NA,NA,NA,NA,NA,NA,NA
"994",24.25,111.75,NA,NA,NA,NA,NA,NA,NA,NA,NA,NA,NA,NA,NA
"995",24.25,112.25,NA,NA,NA,NA,NA,NA,NA,NA,NA,NA,NA,NA,NA
"996",24.25,112.75,NA,NA,NA,NA,NA,NA,NA,NA,NA,NA,NA,NA,NA
"997",24.25,113.25,NA,NA,NA,NA,NA,NA,NA,NA,NA,NA,NA,NA,NA
"998",24.25,113.75,NA,NA,NA,NA,NA,NA,NA,NA,NA,NA,NA,NA,NA
"999",24.25,114.25,NA,NA,NA,NA,NA,NA,NA,NA,NA,NA,NA,NA,NA
"1000",24.25,114.75,NA,NA,NA,NA,NA,NA,NA,NA,NA,NA,NA,NA,NA
"1001",24.25,115.25,NA,NA,NA,NA,NA,NA,NA,NA,NA,NA,NA,NA,NA
"1002",24.25,115.75,NA,NA,NA,NA,NA,NA,NA,NA,NA,NA,NA,NA,NA
"1003",24.25,116.25,NA,NA,NA,NA,NA,NA,NA,NA,NA,NA,NA,NA,NA
"1004",24.25,116.75,NA,NA,NA,NA,NA,NA,NA,NA,NA,NA,NA,NA,NA
"1005",24.25,117.25,NA,NA,NA,NA,NA,NA,NA,NA,NA,NA,NA,NA,NA
"1006",24.25,117.75,NA,405.4333,NA,NA,273.9801,NA,NA,NA,NA,NA,NA,NA,NA
"1007",24.25,118.25,NA,418.5311,427.7402,407.8479,327.3455,459.8219,411.6871,331.7975,391.3199,376.0556,NA,NA,387.0587
"1008",24.25,118.75,NA,NA,NA,NA,NA,NA,NA,370.8553,NA,NA,NA,NA,NA
"1009",24.25,119.25,NA,NA,NA,NA,NA,NA,NA,NA,NA,NA,NA,NA,NA
"1010",24.25,119.75,NA,NA,NA,NA,NA,NA,NA,NA,NA,NA,NA,NA,NA
"1011",24.25,120.25,NA,NA,NA,NA,NA,NA,NA,NA,NA,NA,NA,NA,NA
"1012",24.25,120.75,NA,NA,NA,NA,NA,NA,NA,NA,NA,NA,NA,NA,NA
"1013",24.25,121.25,NA,NA,NA,NA,NA,NA,NA,NA,NA,NA,NA,NA,NA
"1014",24.25,121.75,NA,NA,NA,NA,NA,NA,NA,NA,NA,NA,NA,NA,NA
"1015",24.75,109.25,NA,NA,NA,NA,NA,NA,NA,NA,NA,NA,NA,NA,NA
"1016",24.75,109.75,NA,NA,NA,NA,NA,NA,NA,NA,NA,NA,NA,NA,NA
"1017",24.75,110.25,NA,NA,NA,NA,NA,NA,NA,NA,NA,NA,NA,NA,NA
"1018",24.75,110.75,NA,NA,NA,NA,NA,NA,NA,NA,NA,NA,NA,NA,NA
"1019",24.75,111.25,NA,NA,NA,NA,NA,NA,NA,NA,NA,NA,NA,NA,NA
"1020",24.75,111.75,NA,NA,NA,NA,NA,NA,NA,NA,NA,NA,NA,NA,NA
"1021",24.75,112.25,NA,NA,NA,NA,NA,NA,NA,NA,NA,NA,NA,NA,NA
"1022",24.75,112.75,NA,NA,NA,NA,NA,NA,NA,NA,NA,NA,NA,NA,NA
"1023",24.75,113.25,NA,NA,NA,NA,NA,NA,NA,NA,NA,NA,NA,NA,NA
"1024",24.75,113.75,NA,NA,NA,NA,NA,NA,NA,NA,NA,NA,NA,NA,NA
"1025",24.75,114.25,NA,NA,NA,NA,NA,NA,NA,NA,NA,NA,NA,NA,NA
"1026",24.75,114.75,NA,NA,NA,NA,NA,NA,NA,NA,NA,NA,NA,NA,NA
"1027",24.75,115.25,NA,NA,NA,NA,NA,NA,NA,NA,NA,NA,NA,NA,NA
"1028",24.75,115.75,NA,NA,NA,NA,NA,NA,NA,NA,NA,NA,NA,NA,NA
"1029",24.75,116.25,NA,NA,NA,NA,NA,NA,NA,NA,NA,NA,NA,NA,NA
"1030",24.75,116.75,NA,NA,NA,NA,NA,NA,NA,NA,NA,NA,NA,NA,NA
"1031",24.75,117.25,NA,NA,NA,NA,NA,NA,NA,NA,NA,NA,NA,NA,NA
"1032",24.75,117.75,NA,NA,NA,NA,NA,NA,NA,NA,NA,NA,NA,NA,NA
"1033",24.75,118.25,NA,NA,NA,NA,NA,NA,NA,NA,NA,NA,NA,NA,NA
"1034",24.75,118.75,NA,NA,NA,NA,NA,NA,NA,372.1795,NA,NA,NA,NA,NA
"1035",24.75,119.25,NA,NA,NA,NA,NA,NA,NA,318.4863,NA,NA,NA,NA,NA
"1036",24.75,119.75,NA,NA,NA,NA,NA,NA,NA,342.2366,NA,NA,NA,NA,NA
"1037",24.75,120.25,NA,NA,NA,NA,NA,NA,NA,NA,NA,NA,NA,NA,NA
"1038",24.75,120.75,NA,NA,NA,NA,NA,NA,NA,NA,NA,NA,NA,NA,NA
"1039",24.75,121.25,NA,NA,NA,NA,NA,NA,NA,NA,NA,NA,NA,NA,NA
"1040",24.75,121.75,NA,NA,NA,NA,NA,NA,NA,NA,NA,NA,NA,NA,NA
